# This file is brought to you by Roblox Corporation
# Generated by Roblox Studio

mtllib Windmill.mtl

g Cube0081

v 1591.15 267.491 -1809.34 
v 1588 272.285 -1812.96 
v 1582.97 261.542 -1819.59 
v 1585.27 256.757 -1816.95 
v 1593.59 244.583 -1807.37 
v 1597.99 238.518 -1802.32 
v 1600.45 253.31 -1798.64 
v 1604.84 247.246 -1793.58 
v 1590.78 248.478 -1810.61 
v 1594.29 262.696 -1805.72 
v 1588.28 252.917 -1813.48 
v 1597.39 257.97 -1802.15 
v 1597.39 257.97 -1802.15 
v 1593.59 244.583 -1807.37 
v 1600.45 253.31 -1798.64 
v 1590.78 248.478 -1810.61 
v 1585.27 256.757 -1816.95 
v 1588.28 252.917 -1813.48 
v 1594.29 262.696 -1805.72 
v 1591.15 267.491 -1809.34 
v 1595.53 262.696 -1806.8 
v 1594.29 262.696 -1805.72 
v 1598.63 257.97 -1803.23 
v 1597.39 257.97 -1802.15 
v 1600.45 253.31 -1798.64 
v 1604.84 247.246 -1793.58 
v 1601.69 253.31 -1799.71 
v 1606.08 247.246 -1794.66 
v 1588 272.285 -1812.96 
v 1589.24 272.285 -1814.03 
v 1583.37 261.542 -1819.94 
v 1582.97 261.542 -1819.59 
v 1585.27 256.757 -1816.95 
v 1583.37 261.542 -1819.94 
v 1585.67 256.757 -1817.3 
v 1582.97 261.542 -1819.59 
v 1590.78 248.478 -1810.61 
v 1588.68 252.917 -1813.83 
v 1591.18 248.478 -1810.96 
v 1588.28 252.917 -1813.48 
v 1583.37 261.542 -1819.94 
v 1592.38 267.491 -1810.41 
v 1585.67 256.757 -1817.3 
v 1589.24 272.285 -1814.03 
v 1601.69 253.31 -1799.71 
v 1598.38 238.519 -1802.67 
v 1593.99 244.583 -1807.72 
v 1606.08 247.246 -1794.66 
v 1591.18 248.478 -1810.96 
v 1588.68 252.917 -1813.83 
v 1595.53 262.696 -1806.8 
v 1598.63 257.97 -1803.23 
v 1593.99 244.583 -1807.72 
v 1591.18 248.478 -1810.96 
v 1598.63 257.97 -1803.23 
v 1601.69 253.31 -1799.71 
v 1585.67 256.757 -1817.3 
v 1595.53 262.696 -1806.8 
v 1588.68 252.917 -1813.83 
v 1592.38 267.491 -1810.41 
v 1604.84 247.246 -1793.58 
v 1597.99 238.518 -1802.32 
v 1606.08 247.246 -1794.66 
v 1598.38 238.519 -1802.67 
v 1597.99 238.518 -1802.32 
v 1593.59 244.583 -1807.37 
v 1598.38 238.519 -1802.67 
v 1593.99 244.583 -1807.72 
v 1593.59 244.583 -1807.37 
v 1591.18 248.478 -1810.96 
v 1593.99 244.583 -1807.72 
v 1590.78 248.478 -1810.61 
v 1588.28 252.917 -1813.48 
v 1585.67 256.757 -1817.3 
v 1588.68 252.917 -1813.83 
v 1585.27 256.757 -1816.95 
v 1592.38 267.491 -1810.41 
v 1589.24 272.285 -1814.03 
v 1588 272.285 -1812.96 
v 1591.15 267.491 -1809.34 
v 1595.53 262.696 -1806.8 
v 1594.29 262.696 -1805.72 
v 1598.63 257.97 -1803.23 
v 1597.39 257.97 -1802.15 
v 1601.69 253.31 -1799.71 
v 1600.45 253.31 -1798.64 

vn -0.771654 -0.023622 0.629921 
vn -0.771654 -0.023622 0.629921 
vn -0.771654 -0.023622 0.629921 
vn -0.771654 -0.023622 0.629921 
vn -0.771654 -0.0314961 0.637795 
vn -0.771654 -0.0314961 0.637795 
vn -0.771654 -0.0314961 0.637795 
vn -0.771654 -0.0314961 0.637795 
vn -0.771654 -0.023622 0.629921 
vn -0.771654 -0.023622 0.629921 
vn -0.771654 -0.023622 0.629921 
vn -0.771654 -0.023622 0.629921 
vn -0.771654 -0.0314961 0.637795 
vn -0.771654 -0.0314961 0.637795 
vn -0.771654 -0.0314961 0.637795 
vn -0.771654 -0.0314961 0.637795 
vn -0.771654 -0.0314961 0.637795 
vn -0.771654 -0.0314961 0.637795 
vn -0.771654 -0.0314961 0.637795 
vn -0.771654 -0.0314961 0.637795 
vn 0.464567 0.708661 0.535433 
vn 0.464567 0.708661 0.535433 
vn 0.464567 0.708661 0.535433 
vn 0.464567 0.708661 0.535433 
vn 0.440945 0.740157 0.503937 
vn 0.440945 0.740157 0.503937 
vn 0.440945 0.740157 0.503937 
vn 0.440945 0.740157 0.503937 
vn -0.519685 0.614173 -0.598425 
vn -0.519685 0.614173 -0.598425 
vn -0.519685 0.614173 -0.598425 
vn -0.519685 0.614173 -0.598425 
vn -0.527559 -0.590551 -0.606299 
vn -0.527559 -0.590551 -0.606299 
vn -0.527559 -0.590551 -0.606299 
vn -0.527559 -0.590551 -0.606299 
vn -0.496063 -0.653543 -0.574803 
vn -0.496063 -0.653543 -0.574803 
vn -0.496063 -0.653543 -0.574803 
vn -0.496063 -0.653543 -0.574803 
vn 0.732283 -0.023622 -0.677165 
vn 0.732283 -0.023622 -0.677165 
vn 0.732283 -0.023622 -0.677165 
vn 0.732283 -0.023622 -0.677165 
vn 0.740157 -0.0314961 -0.677165 
vn 0.740157 -0.0314961 -0.677165 
vn 0.740157 -0.0314961 -0.677165 
vn 0.740157 -0.0314961 -0.677165 
vn 0.732283 -0.023622 -0.677165 
vn 0.732283 -0.023622 -0.677165 
vn 0.732283 -0.023622 -0.677165 
vn 0.732283 -0.023622 -0.677165 
vn 0.740157 -0.0314961 -0.677165 
vn 0.740157 -0.0314961 -0.677165 
vn 0.740157 -0.0314961 -0.677165 
vn 0.740157 -0.0314961 -0.677165 
vn 0.740157 -0.0314961 -0.677165 
vn 0.740157 -0.0314961 -0.677165 
vn 0.740157 -0.0314961 -0.677165 
vn 0.740157 -0.0314961 -0.677165 
vn 0.409449 -0.787402 0.464567 
vn 0.409449 -0.787402 0.464567 
vn 0.409449 -0.787402 0.464567 
vn 0.409449 -0.787402 0.464567 
vn -0.440945 -0.740157 -0.503937 
vn -0.440945 -0.740157 -0.503937 
vn -0.440945 -0.740157 -0.503937 
vn -0.440945 -0.740157 -0.503937 
vn -0.440945 -0.740157 -0.503937 
vn -0.440945 -0.740157 -0.503937 
vn -0.440945 -0.740157 -0.503937 
vn -0.440945 -0.740157 -0.503937 
vn -0.417323 -0.76378 -0.480315 
vn -0.417323 -0.76378 -0.480315 
vn -0.417323 -0.76378 -0.480315 
vn -0.417323 -0.76378 -0.480315 
vn 0.464567 0.708661 0.535433 
vn 0.464567 0.708661 0.535433 
vn 0.464567 0.708661 0.535433 
vn 0.464567 0.708661 0.535433 
vn 0.464567 0.708661 0.535433 
vn 0.464567 0.708661 0.535433 
vn 0.464567 0.708661 0.535433 
vn 0.464567 0.708661 0.535433 
vn 0.464567 0.708661 0.535433 
vn 0.464567 0.708661 0.535433 

vt -0.777406 3.41777 
vt -1.73644 4.37681 
vt -3.39781 2.22838 
vt -2.69773 1.27133 
vt -0.159795 -1.16386 
vt 1.17907 -2.37681 
vt 2.05895 0.581416 
vt 3.39781 -0.631537 
vt -1.01768 -0.384687 
vt 0.181633 2.45873 
vt -1.77905 0.50318 
vt 1.12695 1.51342 
vt 1.12695 1.51342 
vt -0.159795 -1.16386 
vt 2.05895 0.581416 
vt -1.01768 -0.384687 
vt -2.69773 1.27133 
vt -1.77905 0.50318 
vt 0.181633 2.45873 
vt -0.777406 3.41777 
vt 0.163852 0.818367 
vt -0.163852 0.818367 
vt 0.163852 -0.126948 
vt -0.163852 -0.126948 
vt -0.163852 -1.05895 
vt -0.163852 -2.39781 
vt 0.163852 -1.05895 
vt 0.163852 -2.39781 
vt 0.163852 4.37681 
vt -0.163852 4.37681 
vt -0.0528519 2.22838 
vt 0.0528519 2.22838 
vt 0.0528519 1.27133 
vt -0.0528519 2.22838 
vt -0.0528519 1.27133 
vt 0.0528519 2.22838 
vt 0.0528519 -0.384687 
vt -0.0528519 0.50318 
vt -0.0528519 -0.384687 
vt 0.0528519 0.50318 
vt 3.39781 2.22838 
vt 0.777406 3.41777 
vt 2.69773 1.27133 
vt 1.73644 4.37681 
vt -2.05895 0.581416 
vt -1.17907 -2.37681 
vt 0.159795 -1.16386 
vt -3.39781 -0.631537 
vt 1.01768 -0.384687 
vt 1.77905 0.50318 
vt -0.181633 2.45873 
vt -1.12695 1.51342 
vt 0.159795 -1.16386 
vt 1.01768 -0.384687 
vt -1.12695 1.51342 
vt -2.05895 0.581416 
vt 2.69773 1.27133 
vt -0.181633 2.45873 
vt 1.77905 0.50318 
vt 0.777406 3.41777 
vt 0.163852 -2.39781 
vt 0.0528519 -0.179065 
vt -0.163852 -2.39781 
vt -0.0528519 -0.179065 
vt 0.0528519 -0.179065 
vt 0.0528519 1.1598 
vt -0.0528519 -0.179065 
vt -0.0528519 1.1598 
vt 0.0528519 1.1598 
vt -0.0528519 2.01768 
vt -0.0528519 1.1598 
vt 0.0528519 2.01768 
vt 0.0528519 2.77905 
vt -0.0528519 3.69773 
vt -0.0528519 2.77905 
vt 0.0528519 3.69773 
vt 0.163852 3.41777 
vt 0.163852 4.37681 
vt -0.163852 4.37681 
vt -0.163852 3.41777 
vt 0.163852 2.45873 
vt -0.163852 2.45873 
vt 0.163852 1.51342 
vt -0.163852 1.51342 
vt 0.163852 0.581416 
vt -0.163852 0.581416 

usemtl Cube0081Mtl

f 1/1/1 2/2/2 3/3/3 
f 3/3/3 4/4/4 1/1/1 
f 5/5/5 6/6/6 7/7/7 
f 8/8/8 7/7/7 6/6/6 
f 9/9/9 10/10/10 11/11/11 
f 10/10/10 9/9/9 12/12/12 
f 13/13/13 14/14/14 15/15/15 
f 14/14/14 13/13/13 16/16/16 
f 17/17/17 18/18/18 19/19/19 
f 17/17/17 19/19/19 20/20/20 
f 23/23/23 21/21/21 22/22/22 
f 22/22/22 24/24/24 23/23/23 
f 25/25/25 26/26/26 27/27/27 
f 27/27/27 26/26/26 28/28/28 
f 29/29/29 30/30/30 31/31/31 
f 29/29/29 31/31/31 32/32/32 
f 33/33/33 34/34/34 35/35/35 
f 34/34/34 33/33/33 36/36/36 
f 37/37/37 38/38/38 39/39/39 
f 38/38/38 37/37/37 40/40/40 
f 41/41/41 42/42/42 43/43/43 
f 42/42/42 41/41/41 44/44/44 
f 45/45/45 46/46/46 47/47/47 
f 46/46/46 45/45/45 48/48/48 
f 49/49/49 50/50/50 51/51/51 
f 51/51/51 52/52/52 49/49/49 
f 53/53/53 54/54/54 55/55/55 
f 55/55/55 56/56/56 53/53/53 
f 57/57/57 58/58/58 59/59/59 
f 58/58/58 57/57/57 60/60/60 
f 61/61/61 62/62/62 63/63/63 
f 63/63/63 62/62/62 64/64/64 
f 65/65/65 66/66/66 67/67/67 
f 67/67/67 66/66/66 68/68/68 
f 69/69/69 70/70/70 71/71/71 
f 70/70/70 69/69/69 72/72/72 
f 73/73/73 74/74/74 75/75/75 
f 74/74/74 73/73/73 76/76/76 
f 77/77/77 78/78/78 79/79/79 
f 79/79/79 80/80/80 77/77/77 
f 81/81/81 77/77/77 80/80/80 
f 80/80/80 82/82/82 81/81/81 
f 85/85/85 83/83/83 84/84/84 
f 84/84/84 86/86/86 85/85/85 

g Cube0061

v 1606.05 258.815 -1793.04 
v 1611.36 247.722 -1786.09 
v 1614.2 253.907 -1782.82 
v 1608.89 265 -1789.77 
v 1616.88 277.691 -1780.58 
v 1623.5 268.09 -1772.12 
v 1620.02 281.192 -1776.97 
v 1626.65 272.886 -1768.5 
v 1617.26 258.568 -1779.3 
v 1608.89 265 -1789.77 
v 1614.2 253.907 -1782.82 
v 1611.45 269.29 -1786.83 
v 1611.45 269.29 -1786.83 
v 1617.26 258.568 -1779.3 
v 1614.36 273.097 -1783.48 
v 1620.36 263.295 -1775.74 
v 1623.5 268.09 -1772.12 
v 1614.36 273.097 -1783.48 
v 1620.36 263.295 -1775.74 
v 1616.88 277.691 -1780.58 
v 1620.02 281.192 -1776.97 
v 1626.65 272.886 -1768.5 
v 1620.42 281.192 -1777.32 
v 1627.89 272.886 -1769.57 
v 1616.88 277.691 -1780.58 
v 1620.42 281.192 -1777.32 
v 1617.28 277.691 -1780.93 
v 1620.02 281.192 -1776.97 
v 1611.45 269.29 -1786.83 
v 1614.76 273.097 -1783.83 
v 1611.85 269.29 -1787.18 
v 1614.36 273.097 -1783.48 
v 1611.36 247.722 -1786.09 
v 1606.05 258.815 -1793.04 
v 1612.6 247.722 -1787.16 
v 1606.45 258.815 -1793.39 
v 1606.05 258.815 -1793.04 
v 1608.89 265 -1789.77 
v 1606.45 258.815 -1793.39 
v 1609.29 265 -1790.12 
v 1608.89 265 -1789.77 
v 1611.85 269.29 -1787.18 
v 1609.29 265 -1790.12 
v 1611.45 269.29 -1786.83 
v 1614.36 273.097 -1783.48 
v 1617.28 277.691 -1780.93 
v 1614.76 273.097 -1783.83 
v 1616.88 277.691 -1780.58 
v 1612.6 247.722 -1787.16 
v 1606.45 258.815 -1793.39 
v 1615.44 253.907 -1783.89 
v 1609.29 265 -1790.12 
v 1624.74 268.09 -1773.19 
v 1620.42 281.192 -1777.32 
v 1627.89 272.886 -1769.57 
v 1617.28 277.691 -1780.93 
v 1609.29 265 -1790.12 
v 1618.49 258.568 -1780.38 
v 1615.44 253.907 -1783.89 
v 1611.85 269.29 -1787.18 
v 1618.49 258.568 -1780.38 
v 1614.76 273.097 -1783.83 
v 1621.59 263.295 -1776.81 
v 1611.85 269.29 -1787.18 
v 1614.76 273.097 -1783.83 
v 1624.74 268.09 -1773.19 
v 1621.59 263.295 -1776.81 
v 1617.28 277.691 -1780.93 
v 1615.44 253.907 -1783.89 
v 1617.26 258.568 -1779.3 
v 1614.2 253.907 -1782.82 
v 1618.49 258.568 -1780.38 
v 1620.36 263.295 -1775.74 
v 1621.59 263.295 -1776.81 
v 1623.5 268.09 -1772.12 
v 1624.74 268.09 -1773.19 
v 1623.5 268.09 -1772.12 
v 1624.74 268.09 -1773.19 
v 1626.65 272.886 -1768.5 
v 1627.89 272.886 -1769.57 
v 1614.2 253.907 -1782.82 
v 1611.36 247.722 -1786.09 
v 1615.44 253.907 -1783.89 
v 1612.6 247.722 -1787.16 

vn -0.779528 0.023622 0.629921 
vn -0.779528 0.023622 0.629921 
vn -0.779528 0.023622 0.629921 
vn -0.779528 0.023622 0.629921 
vn -0.771654 0.0314961 0.637795 
vn -0.771654 0.0314961 0.637795 
vn -0.771654 0.0314961 0.637795 
vn -0.771654 0.0314961 0.637795 
vn -0.771654 0.023622 0.637795 
vn -0.771654 0.023622 0.637795 
vn -0.771654 0.023622 0.637795 
vn -0.771654 0.023622 0.637795 
vn -0.771654 0.0314961 0.637795 
vn -0.771654 0.0314961 0.637795 
vn -0.771654 0.0314961 0.637795 
vn -0.771654 0.0314961 0.637795 
vn -0.771654 0.023622 0.637795 
vn -0.771654 0.023622 0.637795 
vn -0.771654 0.023622 0.637795 
vn -0.771654 0.023622 0.637795 
vn 0.401575 0.787402 0.464567 
vn 0.401575 0.787402 0.464567 
vn 0.401575 0.787402 0.464567 
vn 0.401575 0.787402 0.464567 
vn -0.385827 0.80315 -0.448819 
vn -0.385827 0.80315 -0.448819 
vn -0.385827 0.80315 -0.448819 
vn -0.385827 0.80315 -0.448819 
vn -0.425197 0.755906 -0.488189 
vn -0.425197 0.755906 -0.488189 
vn -0.425197 0.755906 -0.488189 
vn -0.425197 0.755906 -0.488189 
vn -0.511811 -0.622047 -0.590551 
vn -0.511811 -0.622047 -0.590551 
vn -0.511811 -0.622047 -0.590551 
vn -0.511811 -0.622047 -0.590551 
vn -0.535433 0.574803 -0.622047 
vn -0.535433 0.574803 -0.622047 
vn -0.535433 0.574803 -0.622047 
vn -0.535433 0.574803 -0.622047 
vn -0.488189 0.669291 -0.559055 
vn -0.488189 0.669291 -0.559055 
vn -0.488189 0.669291 -0.559055 
vn -0.488189 0.669291 -0.559055 
vn -0.503937 0.637795 -0.582677 
vn -0.503937 0.637795 -0.582677 
vn -0.503937 0.637795 -0.582677 
vn -0.503937 0.637795 -0.582677 
vn 0.732283 0.023622 -0.677165 
vn 0.732283 0.023622 -0.677165 
vn 0.732283 0.023622 -0.677165 
vn 0.732283 0.023622 -0.677165 
vn 0.740157 0.0314961 -0.677165 
vn 0.740157 0.0314961 -0.677165 
vn 0.740157 0.0314961 -0.677165 
vn 0.740157 0.0314961 -0.677165 
vn 0.732283 0.023622 -0.677165 
vn 0.732283 0.023622 -0.677165 
vn 0.732283 0.023622 -0.677165 
vn 0.732283 0.023622 -0.677165 
vn 0.740157 0.0314961 -0.677165 
vn 0.740157 0.0314961 -0.677165 
vn 0.740157 0.0314961 -0.677165 
vn 0.740157 0.0314961 -0.677165 
vn 0.732283 0.023622 -0.677165 
vn 0.732283 0.023622 -0.677165 
vn 0.732283 0.023622 -0.677165 
vn 0.732283 0.023622 -0.677165 
vn 0.464567 -0.708661 0.535433 
vn 0.464567 -0.708661 0.535433 
vn 0.464567 -0.708661 0.535433 
vn 0.464567 -0.708661 0.535433 
vn 0.464567 -0.708661 0.535433 
vn 0.464567 -0.708661 0.535433 
vn 0.464567 -0.708661 0.535433 
vn 0.464567 -0.708661 0.535433 
vn 0.464567 -0.708661 0.535433 
vn 0.464567 -0.708661 0.535433 
vn 0.464567 -0.708661 0.535433 
vn 0.464567 -0.708661 0.535433 
vn 0.535433 -0.574803 0.614173 
vn 0.535433 -0.574803 0.614173 
vn 0.535433 -0.574803 0.614173 
vn 0.535433 -0.574803 0.614173 

vt -3.20366 -0.128091 
vt -1.45838 -2.34684 
vt -0.59174 -1.10992 
vt -2.33702 1.10882 
vt 0.0981734 3.64676 
vt 2.24462 1.72643 
vt 1.05522 4.34684 
vt 3.20366 2.68547 
vt 0.340261 -0.177922 
vt -2.33702 1.10882 
vt -0.59174 -1.10992 
vt -1.55784 1.96671 
vt -1.55784 1.96671 
vt 0.340261 -0.177922 
vt -0.669976 2.72807 
vt 1.28558 0.767393 
vt 2.24462 1.72643 
vt -0.669976 2.72807 
vt 1.28558 0.767393 
vt 0.0981734 3.64676 
vt -0.0528519 -0.0552224 
vt -0.163852 -2.20366 
vt 0.0528519 -0.0552224 
vt 0.163852 -2.20366 
vt -0.0528519 0.901827 
vt 0.0528519 -0.0552224 
vt 0.0528519 0.901827 
vt -0.0528519 -0.0552224 
vt -0.0528519 2.55784 
vt 0.0528519 1.66998 
vt 0.0528519 2.55784 
vt -0.0528519 1.66998 
vt 0.163852 -2.34684 
vt 0.0528519 -0.128091 
vt -0.163852 -2.34684 
vt -0.0528519 -0.128091 
vt 0.0528519 -0.128091 
vt 0.0528519 1.10882 
vt -0.0528519 -0.128091 
vt -0.0528519 1.10882 
vt 0.0528519 1.10882 
vt -0.0528519 1.96671 
vt -0.0528519 1.10882 
vt 0.0528519 1.96671 
vt 0.0528519 2.72807 
vt -0.0528519 3.64676 
vt -0.0528519 2.72807 
vt 0.0528519 3.64676 
vt 1.45838 -2.34684 
vt 3.20366 -0.128091 
vt 0.59174 -1.10992 
vt 2.33702 1.10882 
vt -2.24462 1.72643 
vt -1.05522 4.34684 
vt -3.20366 2.68547 
vt -0.0981734 3.64676 
vt 2.33702 1.10882 
vt -0.340261 -0.177922 
vt 0.59174 -1.10992 
vt 1.55784 1.96671 
vt -0.340261 -0.177922 
vt 0.669976 2.72807 
vt -1.28558 0.767393 
vt 1.55784 1.96671 
vt 0.669976 2.72807 
vt -2.24462 1.72643 
vt -1.28558 0.767393 
vt -0.0981734 3.64676 
vt -0.163852 1.59174 
vt 0.163852 0.659739 
vt 0.163852 1.59174 
vt -0.163852 0.659739 
vt 0.163852 -0.285577 
vt -0.163852 -0.285577 
vt 0.163852 -1.24462 
vt -0.163852 -1.24462 
vt -0.163852 1.72643 
vt 0.163852 1.72643 
vt -0.163852 2.68547 
vt 0.163852 2.68547 
vt -0.163852 -1.10992 
vt -0.163852 -2.34684 
vt 0.163852 -1.10992 
vt 0.163852 -2.34684 

usemtl Cube0081Mtl

f 87/87/87 88/88/88 89/89/89 
f 89/89/89 90/90/90 87/87/87 
f 91/91/91 92/92/92 93/93/93 
f 93/93/93 92/92/92 94/94/94 
f 95/95/95 96/96/96 97/97/97 
f 96/96/96 95/95/95 98/98/98 
f 99/99/99 100/100/100 101/101/101 
f 101/101/101 100/100/100 102/102/102 
f 103/103/103 104/104/104 105/105/105 
f 104/104/104 103/103/103 106/106/106 
f 107/107/107 108/108/108 109/109/109 
f 108/108/108 110/110/110 109/109/109 
f 111/111/111 112/112/112 113/113/113 
f 112/112/112 111/111/111 114/114/114 
f 115/115/115 116/116/116 117/117/117 
f 116/116/116 115/115/115 118/118/118 
f 119/119/119 120/120/120 121/121/121 
f 121/121/121 120/120/120 122/122/122 
f 123/123/123 124/124/124 125/125/125 
f 125/125/125 124/124/124 126/126/126 
f 127/127/127 128/128/128 129/129/129 
f 128/128/128 127/127/127 130/130/130 
f 131/131/131 132/132/132 133/133/133 
f 132/132/132 131/131/131 134/134/134 
f 135/135/135 136/136/136 137/137/137 
f 138/138/138 137/137/137 136/136/136 
f 139/139/139 140/140/140 141/141/141 
f 139/139/139 142/142/142 140/140/140 
f 143/143/143 144/144/144 145/145/145 
f 144/144/144 143/143/143 146/146/146 
f 147/147/147 148/148/148 149/149/149 
f 148/148/148 147/147/147 150/150/150 
f 151/151/151 152/152/152 153/153/153 
f 154/154/154 152/152/152 151/151/151 
f 155/155/155 156/156/156 157/157/157 
f 156/156/156 155/155/155 158/158/158 
f 158/158/158 159/159/159 156/156/156 
f 159/159/159 158/158/158 160/160/160 
f 160/160/160 161/161/161 159/159/159 
f 161/161/161 160/160/160 162/162/162 
f 164/164/164 165/165/165 163/163/163 
f 165/165/165 164/164/164 166/166/166 
f 167/167/167 168/168/168 169/169/169 
f 169/169/169 168/168/168 170/170/170 

g Cylinder1

v 1580.45 241.477 -1772.59 
v 1591.29 241.478 -1766.77 
v 1594.15 237.212 -1761.19 
v 1576.91 128.106 -1752.97 
v 1566.26 128.104 -1781.86 
v 1564.82 128.104 -1770.84 
v 1568.66 128.105 -1760.41 
v 1587.67 128.107 -1750.21 
v 1574.21 237.21 -1771.9 
v 1574.59 231.905 -1764.44 
v 1576.49 237.211 -1765.72 
v 1571.94 231.905 -1771.64 
v 1581.37 237.211 -1761.31 
v 1576.49 237.211 -1765.72 
v 1574.59 231.905 -1764.44 
v 1580.29 231.906 -1759.29 
v 1587.75 237.212 -1759.68 
v 1581.37 237.211 -1761.31 
v 1580.29 231.906 -1759.29 
v 1587.73 231.907 -1757.39 
v 1568.66 131.837 -1760.41 
v 1564.82 131.836 -1770.84 
v 1564.82 128.104 -1770.84 
v 1568.66 128.105 -1760.41 
v 1587.67 131.839 -1750.21 
v 1576.91 131.838 -1752.97 
v 1576.91 128.106 -1752.97 
v 1587.67 128.107 -1750.21 
v 1568.66 128.105 -1760.41 
v 1576.91 131.838 -1752.97 
v 1568.66 131.837 -1760.41 
v 1576.91 128.106 -1752.97 
v 1566.5 151.703 -1781.76 
v 1565.07 134.087 -1770.87 
v 1568.87 151.704 -1760.56 
v 1565.07 151.703 -1770.87 
v 1568.87 134.088 -1760.56 
v 1587.67 151.706 -1750.46 
v 1577.03 134.089 -1753.19 
v 1587.67 151.706 -1750.46 
v 1577.03 151.705 -1753.19 
v 1587.67 134.09 -1750.46 
v 1568.87 151.704 -1760.56 
v 1568.87 134.088 -1760.56 
v 1577.03 151.705 -1753.19 
v 1577.03 134.089 -1753.19 
v 1571.94 231.905 -1771.64 
v 1569.75 159.332 -1761.15 
v 1574.59 231.905 -1764.44 
v 1566.13 159.332 -1770.99 
v 1577.53 159.333 -1754.13 
v 1587.73 231.907 -1757.39 
v 1580.29 231.906 -1759.29 
v 1587.68 159.334 -1751.53 
v 1569.75 159.332 -1761.15 
v 1580.29 231.906 -1759.29 
v 1574.59 231.905 -1764.44 
v 1577.53 159.333 -1754.13 
v 1566.13 159.332 -1770.99 
v 1568.87 151.704 -1760.56 
v 1569.75 159.332 -1761.15 
v 1565.07 151.703 -1770.87 
v 1569.75 159.332 -1761.15 
v 1568.87 151.704 -1760.56 
v 1577.53 159.333 -1754.13 
v 1577.03 151.705 -1753.19 
v 1577.53 159.333 -1754.13 
v 1577.03 151.705 -1753.19 
v 1587.68 159.334 -1751.53 
v 1587.67 151.706 -1750.46 
v 1577.03 134.089 -1753.19 
v 1568.87 134.088 -1760.56 
v 1568.66 131.837 -1760.41 
v 1576.91 131.838 -1752.97 
v 1565.07 134.087 -1770.87 
v 1568.66 131.837 -1760.41 
v 1568.87 134.088 -1760.56 
v 1564.82 131.836 -1770.84 
v 1587.67 134.09 -1750.46 
v 1577.03 134.089 -1753.19 
v 1576.91 131.838 -1752.97 
v 1587.67 131.839 -1750.21 
v 1594.89 241.478 -1776.01 
v 1582.97 241.477 -1779.07 
v 1584.34 241.477 -1766.84 
v 1580.45 241.477 -1772.59 
v 1581.69 241.477 -1769.24 
v 1580.91 241.477 -1776.14 
v 1593.99 241.478 -1769.12 
v 1587.81 241.478 -1765.95 
v 1591.29 241.478 -1766.77 
v 1595.29 241.478 -1772.45 
v 1589.73 241.477 -1780.66 
v 1586.16 241.477 -1780.7 
v 1592.89 241.478 -1778.97 
v 1578.86 237.21 -1783.8 
v 1586.16 241.477 -1780.7 
v 1584.71 237.211 -1786.8 
v 1582.97 241.477 -1779.07 
v 1589.73 241.477 -1780.66 
v 1591.29 237.211 -1786.74 
v 1586.16 241.477 -1780.7 
v 1584.71 237.211 -1786.8 
v 1597.09 237.212 -1783.63 
v 1589.73 241.477 -1780.66 
v 1592.89 241.478 -1778.97 
v 1591.29 237.211 -1786.74 
v 1580.45 241.477 -1772.59 
v 1576.49 237.211 -1765.72 
v 1581.69 241.477 -1769.24 
v 1574.21 237.21 -1771.9 
v 1592.89 241.478 -1778.97 
v 1600.78 237.213 -1778.18 
v 1597.09 237.212 -1783.63 
v 1594.89 241.478 -1776.01 
v 1580.91 241.477 -1776.14 
v 1574.21 237.21 -1771.9 
v 1580.45 241.477 -1772.59 
v 1575.07 237.21 -1778.42 
v 1600.78 237.213 -1778.18 
v 1595.29 241.478 -1772.45 
v 1601.51 237.213 -1771.64 
v 1594.89 241.478 -1776.01 
v 1580.91 241.477 -1776.14 
v 1578.86 237.21 -1783.8 
v 1575.07 237.21 -1778.42 
v 1582.97 241.477 -1779.07 
v 1594.15 237.212 -1761.19 
v 1587.81 241.478 -1765.95 
v 1587.75 237.212 -1759.68 
v 1591.29 241.478 -1766.77 
v 1587.75 237.212 -1759.68 
v 1584.34 241.477 -1766.84 
v 1581.37 237.211 -1761.31 
v 1587.81 241.478 -1765.95 
v 1581.69 241.477 -1769.24 
v 1581.37 237.211 -1761.31 
v 1584.34 241.477 -1766.84 
v 1576.49 237.211 -1765.72 
v 1593.99 241.478 -1769.12 
v 1601.51 237.213 -1771.64 
v 1595.29 241.478 -1772.45 
v 1599.12 237.213 -1765.51 
v 1594.15 237.212 -1761.19 
v 1599.12 237.213 -1765.51 
v 1593.99 241.478 -1769.12 
v 1591.29 241.478 -1766.77 
v 1580.45 241.477 -1772.59 
v 1566.26 128.104 -1781.86 
v 1572.66 128.104 -1790.94 
v 1564.82 128.104 -1770.84 
v 1582.54 128.105 -1796.01 
v 1593.66 128.107 -1795.91 
v 1591.29 237.211 -1786.74 
v 1584.19 231.905 -1789.03 
v 1584.71 237.211 -1786.8 
v 1591.86 231.906 -1788.96 
v 1598.63 231.907 -1785.33 
v 1584.71 237.211 -1786.8 
v 1577.36 231.905 -1785.53 
v 1578.86 237.21 -1783.8 
v 1584.19 231.905 -1789.03 
v 1575.07 237.21 -1778.42 
v 1578.86 237.21 -1783.8 
v 1577.36 231.905 -1785.53 
v 1572.94 231.904 -1779.25 
v 1574.59 231.905 -1764.44 
v 1571.94 231.905 -1771.64 
v 1574.21 237.21 -1771.9 
v 1575.07 237.21 -1778.42 
v 1572.94 231.904 -1779.25 
v 1571.94 231.905 -1771.64 
v 1572.66 131.836 -1790.94 
v 1582.54 131.837 -1796.01 
v 1582.54 128.105 -1796.01 
v 1572.66 128.104 -1790.94 
v 1582.54 131.837 -1796.01 
v 1593.66 131.838 -1795.91 
v 1593.66 128.107 -1795.91 
v 1582.54 128.105 -1796.01 
v 1566.26 128.104 -1781.86 
v 1564.82 131.836 -1770.84 
v 1566.26 131.836 -1781.86 
v 1564.82 128.104 -1770.84 
v 1566.26 131.836 -1781.86 
v 1572.66 131.836 -1790.94 
v 1572.66 128.104 -1790.94 
v 1566.26 128.104 -1781.86 
v 1593.59 151.705 -1795.66 
v 1572.82 151.703 -1790.75 
v 1572.83 134.088 -1790.75 
v 1566.5 151.703 -1781.76 
v 1566.5 134.087 -1781.76 
v 1582.6 151.704 -1795.76 
v 1582.6 134.089 -1795.76 
v 1572.82 151.703 -1790.75 
v 1572.83 134.088 -1790.75 
v 1593.59 151.705 -1795.66 
v 1593.59 134.09 -1795.66 
v 1582.6 151.704 -1795.76 
v 1582.6 134.089 -1795.76 
v 1566.5 151.703 -1781.76 
v 1566.5 134.087 -1781.76 
v 1565.07 151.703 -1770.87 
v 1565.07 134.087 -1770.87 
v 1584.19 231.905 -1789.03 
v 1573.52 159.332 -1789.95 
v 1577.36 231.905 -1785.53 
v 1582.85 159.333 -1794.73 
v 1591.86 231.906 -1788.96 
v 1582.85 159.333 -1794.73 
v 1584.19 231.905 -1789.03 
v 1593.32 159.334 -1794.63 
v 1573.52 159.332 -1789.95 
v 1572.94 231.904 -1779.25 
v 1577.36 231.905 -1785.53 
v 1567.49 159.331 -1781.38 
v 1567.49 159.331 -1781.38 
v 1571.94 231.905 -1771.64 
v 1572.94 231.904 -1779.25 
v 1566.13 159.332 -1770.99 
v 1582.85 159.333 -1794.73 
v 1572.82 151.703 -1790.75 
v 1573.52 159.332 -1789.95 
v 1582.6 151.704 -1795.76 
v 1573.52 159.332 -1789.95 
v 1572.82 151.703 -1790.75 
v 1567.49 159.331 -1781.38 
v 1566.5 151.703 -1781.76 
v 1593.32 159.334 -1794.63 
v 1582.6 151.704 -1795.76 
v 1582.85 159.333 -1794.73 
v 1593.59 151.705 -1795.66 
v 1567.49 159.331 -1781.38 
v 1566.5 151.703 -1781.76 
v 1566.13 159.332 -1770.99 
v 1565.07 151.703 -1770.87 
v 1582.6 134.089 -1795.76 
v 1572.66 131.836 -1790.94 
v 1572.83 134.088 -1790.75 
v 1582.54 131.837 -1796.01 
v 1593.59 134.09 -1795.66 
v 1582.54 131.837 -1796.01 
v 1582.6 134.089 -1795.76 
v 1593.66 131.838 -1795.91 
v 1566.5 134.087 -1781.76 
v 1572.83 134.088 -1790.75 
v 1572.66 131.836 -1790.94 
v 1566.26 131.836 -1781.86 
v 1565.07 134.087 -1770.87 
v 1566.5 134.087 -1781.76 
v 1566.26 131.836 -1781.86 
v 1564.82 131.836 -1770.84 
v 1595.29 241.478 -1772.45 
v 1589.73 241.477 -1780.66 
v 1601.51 237.213 -1771.64 
v 1582.54 128.105 -1796.01 
v 1609.67 128.109 -1781.45 
v 1593.66 128.107 -1795.91 
v 1603.45 128.108 -1790.65 
v 1610.91 128.109 -1770.41 
v 1591.86 231.906 -1788.96 
v 1591.29 237.211 -1786.74 
v 1597.09 237.212 -1783.63 
v 1598.63 231.907 -1785.33 
v 1591.86 231.906 -1788.96 
v 1577.36 231.905 -1785.53 
v 1600.78 237.213 -1778.18 
v 1598.63 231.907 -1785.33 
v 1597.09 237.212 -1783.63 
v 1602.93 231.908 -1778.97 
v 1601.51 237.213 -1771.64 
v 1602.93 231.908 -1778.97 
v 1600.78 237.213 -1778.18 
v 1603.78 231.908 -1771.34 
v 1600.99 231.908 -1764.19 
v 1593.66 131.838 -1795.91 
v 1603.45 131.84 -1790.65 
v 1603.45 128.108 -1790.65 
v 1593.66 128.107 -1795.91 
v 1609.67 128.109 -1781.45 
v 1603.45 131.84 -1790.65 
v 1609.67 131.84 -1781.45 
v 1603.45 128.108 -1790.65 
v 1609.67 131.84 -1781.45 
v 1610.91 131.841 -1770.41 
v 1610.91 128.109 -1770.41 
v 1609.67 128.109 -1781.45 
v 1603.27 134.091 -1790.46 
v 1593.59 151.705 -1795.66 
v 1603.27 151.707 -1790.46 
v 1593.59 134.09 -1795.66 
v 1609.43 151.707 -1781.36 
v 1609.43 134.092 -1781.36 
v 1603.27 151.707 -1790.46 
v 1603.27 134.091 -1790.46 
v 1610.65 134.092 -1770.44 
v 1609.43 151.707 -1781.36 
v 1610.65 151.708 -1770.44 
v 1609.43 134.092 -1781.36 
v 1602.56 159.335 -1789.67 
v 1591.86 231.906 -1788.96 
v 1598.63 231.907 -1785.33 
v 1593.32 159.334 -1794.63 
v 1602.93 231.908 -1778.97 
v 1602.56 159.335 -1789.67 
v 1598.63 231.907 -1785.33 
v 1608.43 159.336 -1780.99 
v 1603.78 231.908 -1771.34 
v 1608.43 159.336 -1780.99 
v 1602.93 231.908 -1778.97 
v 1609.59 159.336 -1770.58 
v 1602.56 159.335 -1789.67 
v 1603.27 151.707 -1790.46 
v 1593.32 159.334 -1794.63 
v 1593.59 151.705 -1795.66 
v 1609.59 159.336 -1770.58 
v 1609.43 151.707 -1781.36 
v 1608.43 159.336 -1780.99 
v 1610.65 151.708 -1770.44 
v 1608.43 159.336 -1780.99 
v 1603.27 151.707 -1790.46 
v 1602.56 159.335 -1789.67 
v 1609.43 151.707 -1781.36 
v 1593.59 134.09 -1795.66 
v 1603.27 134.091 -1790.46 
v 1603.45 131.84 -1790.65 
v 1593.66 131.838 -1795.91 
v 1609.43 134.092 -1781.36 
v 1603.45 131.84 -1790.65 
v 1603.27 134.091 -1790.46 
v 1609.67 131.84 -1781.45 
v 1610.65 134.092 -1770.44 
v 1609.67 131.84 -1781.45 
v 1609.43 134.092 -1781.36 
v 1610.91 131.841 -1770.41 
v 1576.91 128.106 -1752.97 
v 1566.26 128.104 -1781.86 
v 1572.66 128.104 -1790.94 
v 1564.82 128.104 -1770.84 
v 1568.66 128.105 -1760.41 
v 1582.54 128.105 -1796.01 
v 1609.67 128.109 -1781.45 
v 1593.66 128.107 -1795.91 
v 1603.45 128.108 -1790.65 
v 1587.67 128.107 -1750.21 
v 1610.91 128.109 -1770.41 
v 1606.87 128.109 -1760.05 
v 1598.48 128.108 -1752.76 
v 1591.29 241.478 -1766.77 
v 1595.29 241.478 -1772.45 
v 1601.51 237.213 -1771.64 
v 1594.15 237.212 -1761.19 
v 1576.91 128.106 -1752.97 
v 1587.67 128.107 -1750.21 
v 1610.91 128.109 -1770.41 
v 1606.87 128.109 -1760.05 
v 1598.48 128.108 -1752.76 
v 1574.59 231.905 -1764.44 
v 1603.78 231.908 -1771.34 
v 1601.51 237.213 -1771.64 
v 1599.12 237.213 -1765.51 
v 1600.99 231.908 -1764.19 
v 1603.78 231.908 -1771.34 
v 1580.29 231.906 -1759.29 
v 1587.73 231.907 -1757.39 
v 1594.15 237.212 -1761.19 
v 1600.99 231.908 -1764.19 
v 1599.12 237.213 -1765.51 
v 1595.2 231.907 -1759.15 
v 1587.75 237.212 -1759.68 
v 1595.2 231.907 -1759.15 
v 1594.15 237.212 -1761.19 
v 1587.73 231.907 -1757.39 
v 1610.91 131.841 -1770.41 
v 1610.91 131.841 -1770.41 
v 1606.87 131.841 -1760.05 
v 1606.87 128.109 -1760.05 
v 1610.91 128.109 -1770.41 
v 1598.48 128.108 -1752.76 
v 1606.87 131.841 -1760.05 
v 1598.48 131.84 -1752.76 
v 1606.87 128.109 -1760.05 
v 1598.48 131.84 -1752.76 
v 1587.67 131.839 -1750.21 
v 1587.67 128.107 -1750.21 
v 1598.48 128.108 -1752.76 
v 1609.43 151.707 -1781.36 
v 1610.65 151.708 -1770.44 
v 1606.66 134.092 -1760.2 
v 1610.65 151.708 -1770.44 
v 1606.66 151.708 -1760.2 
v 1610.65 134.092 -1770.44 
v 1598.36 151.707 -1752.99 
v 1598.37 134.091 -1752.99 
v 1606.66 151.708 -1760.2 
v 1606.66 134.092 -1760.2 
v 1587.67 134.09 -1750.46 
v 1598.36 151.707 -1752.99 
v 1587.67 151.706 -1750.46 
v 1598.37 134.091 -1752.99 
v 1605.79 159.336 -1760.82 
v 1603.78 231.908 -1771.34 
v 1600.99 231.908 -1764.19 
v 1609.59 159.336 -1770.58 
v 1595.2 231.907 -1759.15 
v 1605.79 159.336 -1760.82 
v 1600.99 231.908 -1764.19 
v 1597.88 159.335 -1753.94 
v 1587.73 231.907 -1757.39 
v 1597.88 159.335 -1753.94 
v 1595.2 231.907 -1759.15 
v 1587.68 159.334 -1751.53 
v 1605.79 159.336 -1760.82 
v 1606.66 151.708 -1760.2 
v 1609.59 159.336 -1770.58 
v 1610.65 151.708 -1770.44 
v 1597.88 159.335 -1753.94 
v 1598.36 151.707 -1752.99 
v 1605.79 159.336 -1760.82 
v 1606.66 151.708 -1760.2 
v 1587.68 159.334 -1751.53 
v 1598.36 151.707 -1752.99 
v 1597.88 159.335 -1753.94 
v 1587.67 151.706 -1750.46 
v 1610.65 134.092 -1770.44 
v 1606.66 134.092 -1760.2 
v 1606.87 131.841 -1760.05 
v 1610.91 131.841 -1770.41 
v 1598.37 134.091 -1752.99 
v 1606.87 131.841 -1760.05 
v 1606.66 134.092 -1760.2 
v 1598.48 131.84 -1752.76 
v 1587.67 134.09 -1750.46 
v 1598.48 131.84 -1752.76 
v 1598.37 134.091 -1752.99 
v 1587.67 131.839 -1750.21 

vn 0 1 0 
vn 0 1 0 
vn 0.133858 0.818898 0.559055 
vn 0 -1 0 
vn 0 -1 0 
vn 0 -1 0 
vn 0 -1 0 
vn 0 -1 0 
vn -0.866142 0.385827 0.322835 
vn -0.866142 0.385827 0.322835 
vn -0.866142 0.385827 0.322835 
vn -0.866142 0.385827 0.322835 
vn -0.622047 0.385827 0.685039 
vn -0.622047 0.385827 0.685039 
vn -0.622047 0.385827 0.685039 
vn -0.622047 0.385827 0.685039 
vn -0.228346 0.385827 0.889764 
vn -0.228346 0.385827 0.889764 
vn -0.228346 0.385827 0.889764 
vn -0.228346 0.385827 0.889764 
vn -0.937008 0 0.346457 
vn -0.937008 0 0.346457 
vn -0.937008 0 0.346457 
vn -0.937008 0 0.346457 
vn -0.251969 0 0.968504 
vn -0.251969 0 0.968504 
vn -0.251969 0 0.968504 
vn -0.251969 0 0.968504 
vn -0.669291 0 0.740157 
vn -0.669291 0 0.740157 
vn -0.669291 0 0.740157 
vn -0.669291 0 0.740157 
vn -0.818898 0 -0.574803 
vn -0.937008 0 0.346457 
vn -0.937008 0 0.346457 
vn -0.937008 0 0.346457 
vn -0.937008 0 0.346457 
vn 0.228346 0 0.976378 
vn -0.251969 0 0.968504 
vn -0.251969 0 0.968504 
vn -0.251969 0 0.968504 
vn -0.251969 0 0.968504 
vn -0.669291 0 0.740157 
vn -0.669291 0 0.740157 
vn -0.669291 0 0.740157 
vn -0.669291 0 0.740157 
vn -0.937008 0.0787402 0.346457 
vn -0.937008 0.0787402 0.346457 
vn -0.937008 0.0787402 0.346457 
vn -0.937008 0.0787402 0.346457 
vn -0.244094 0.0787402 0.968504 
vn -0.244094 0.0787402 0.968504 
vn -0.244094 0.0787402 0.968504 
vn -0.244094 0.0787402 0.968504 
vn -0.669291 0.0787402 0.740157 
vn -0.669291 0.0787402 0.740157 
vn -0.669291 0.0787402 0.740157 
vn -0.669291 0.0787402 0.740157 
vn -0.929134 0.133858 0.346457 
vn -0.929134 0.133858 0.346457 
vn -0.929134 0.133858 0.346457 
vn -0.929134 0.133858 0.346457 
vn -0.661417 0.133858 0.732283 
vn -0.661417 0.133858 0.732283 
vn -0.661417 0.133858 0.732283 
vn -0.661417 0.133858 0.732283 
vn -0.244094 0.133858 0.96063 
vn -0.244094 0.133858 0.96063 
vn -0.244094 0.133858 0.96063 
vn -0.244094 0.133858 0.96063 
vn -0.669291 0.110236 0.740157 
vn -0.669291 0.110236 0.740157 
vn -0.669291 0.110236 0.740157 
vn -0.669291 0.110236 0.740157 
vn -0.929134 0.110236 0.346457 
vn -0.929134 0.110236 0.346457 
vn -0.929134 0.110236 0.346457 
vn -0.929134 0.110236 0.346457 
vn -0.244094 0.110236 0.96063 
vn -0.244094 0.110236 0.96063 
vn -0.244094 0.110236 0.96063 
vn -0.244094 0.110236 0.96063 
vn 0 1 0 
vn 0 1 0 
vn 0 1 0 
vn 0 1 0 
vn 0 1 0 
vn 0 1 0 
vn 0 1 0 
vn 0 1 0 
vn 0 1 0 
vn 0 1 0 
vn 0 1 0 
vn 0 1 0 
vn 0 1 0 
vn -0.259843 0.818898 -0.511811 
vn -0.259843 0.818898 -0.511811 
vn -0.259843 0.818898 -0.511811 
vn -0.259843 0.818898 -0.511811 
vn 0.00787402 0.818898 -0.574803 
vn 0.00787402 0.818898 -0.574803 
vn 0.00787402 0.818898 -0.574803 
vn 0.00787402 0.818898 -0.574803 
vn 0.267717 0.818898 -0.503937 
vn 0.267717 0.818898 -0.503937 
vn 0.267717 0.818898 -0.503937 
vn 0.267717 0.818898 -0.503937 
vn -0.535433 0.818898 0.19685 
vn -0.535433 0.818898 0.19685 
vn -0.535433 0.818898 0.19685 
vn -0.535433 0.818898 0.19685 
vn 0.472441 0.818898 -0.322835 
vn 0.472441 0.818898 -0.322835 
vn 0.472441 0.818898 -0.322835 
vn 0.472441 0.818898 -0.322835 
vn -0.566929 0.818898 -0.0708661 
vn -0.566929 0.818898 -0.0708661 
vn -0.566929 0.818898 -0.0708661 
vn -0.566929 0.818898 -0.0708661 
vn 0.566929 0.818898 -0.0629921 
vn 0.566929 0.818898 -0.0629921 
vn 0.566929 0.818898 -0.0629921 
vn 0.566929 0.818898 -0.0629921 
vn -0.472441 0.818898 -0.330709 
vn -0.472441 0.818898 -0.330709 
vn -0.472441 0.818898 -0.330709 
vn -0.472441 0.818898 -0.330709 
vn 0.133858 0.818898 0.559055 
vn 0.133858 0.818898 0.559055 
vn 0.133858 0.818898 0.559055 
vn 0.133858 0.818898 0.559055 
vn -0.141732 0.818898 0.559055 
vn -0.141732 0.818898 0.559055 
vn -0.141732 0.818898 0.559055 
vn -0.141732 0.818898 0.559055 
vn -0.385827 0.818898 0.425197 
vn -0.385827 0.818898 0.425197 
vn -0.385827 0.818898 0.425197 
vn -0.385827 0.818898 0.425197 
vn 0.535433 0.818898 0.204724 
vn 0.535433 0.818898 0.204724 
vn 0.535433 0.818898 0.204724 
vn 0.535433 0.818898 0.204724 
vn 0.377953 0.818898 0.433071 
vn 0.377953 0.818898 0.433071 
vn 0.377953 0.818898 0.433071 
vn 0.377953 0.818898 0.433071 
vn 0 1 0 
vn 0 -1 0 
vn 0 -1 0 
vn 0 -1 0 
vn 0 -1 0 
vn 0 -1 0 
vn 0.00787402 0.385827 -0.92126 
vn 0.00787402 0.385827 -0.92126 
vn 0.00787402 0.385827 -0.92126 
vn 0.00787402 0.385827 -0.92126 
vn 0.433071 0.385827 -0.811024 
vn -0.417323 0.385827 -0.818898 
vn -0.417323 0.385827 -0.818898 
vn -0.417323 0.385827 -0.818898 
vn -0.417323 0.385827 -0.818898 
vn -0.755906 0.385827 -0.527559 
vn -0.755906 0.385827 -0.527559 
vn -0.755906 0.385827 -0.527559 
vn -0.755906 0.385827 -0.527559 
vn -0.866142 0.385827 0.322835 
vn -0.866142 0.385827 0.322835 
vn -0.913386 0.385827 -0.11811 
vn -0.913386 0.385827 -0.11811 
vn -0.913386 0.385827 -0.11811 
vn -0.913386 0.385827 -0.11811 
vn -0.456693 0 -0.889764 
vn -0.456693 0 -0.889764 
vn -0.456693 0 -0.889764 
vn -0.456693 0 -0.889764 
vn 0.00787402 0 -1 
vn 0.00787402 0 -1 
vn 0.00787402 0 -1 
vn 0.00787402 0 -1 
vn -0.992126 0 -0.133858 
vn -0.992126 0 -0.133858 
vn -0.992126 0 -0.133858 
vn -0.992126 0 -0.133858 
vn -0.818898 0 -0.574803 
vn -0.818898 0 -0.574803 
vn -0.818898 0 -0.574803 
vn -0.818898 0 -0.574803 
vn 0.472441 0 -0.88189 
vn -0.818898 0 -0.574803 
vn -0.818898 0 -0.574803 
vn -0.818898 0 -0.574803 
vn -0.818898 0 -0.574803 
vn -0.456693 0 -0.889764 
vn -0.456693 0 -0.889764 
vn -0.456693 0 -0.889764 
vn -0.456693 0 -0.889764 
vn 0.00787402 0 -1 
vn 0.00787402 0 -1 
vn 0.00787402 0 -1 
vn 0.00787402 0 -1 
vn -0.992126 0 -0.133858 
vn -0.992126 0 -0.133858 
vn -0.992126 0 -0.133858 
vn -0.992126 0 -0.133858 
vn -0.456693 0.0787402 -0.889764 
vn -0.456693 0.0787402 -0.889764 
vn -0.456693 0.0787402 -0.889764 
vn -0.456693 0.0787402 -0.889764 
vn 0.00787402 0.0787402 -1 
vn 0.00787402 0.0787402 -1 
vn 0.00787402 0.0787402 -1 
vn 0.00787402 0.0787402 -1 
vn -0.818898 0.0787402 -0.574803 
vn -0.818898 0.0787402 -0.574803 
vn -0.818898 0.0787402 -0.574803 
vn -0.818898 0.0787402 -0.574803 
vn -0.992126 0.0787402 -0.125984 
vn -0.992126 0.0787402 -0.125984 
vn -0.992126 0.0787402 -0.125984 
vn -0.992126 0.0787402 -0.125984 
vn -0.448819 0.133858 -0.88189 
vn -0.448819 0.133858 -0.88189 
vn -0.448819 0.133858 -0.88189 
vn -0.448819 0.133858 -0.88189 
vn -0.811024 0.133858 -0.566929 
vn -0.811024 0.133858 -0.566929 
vn -0.811024 0.133858 -0.566929 
vn -0.811024 0.133858 -0.566929 
vn 0.00787402 0.133858 -0.992126 
vn 0.00787402 0.133858 -0.992126 
vn 0.00787402 0.133858 -0.992126 
vn 0.00787402 0.133858 -0.992126 
vn -0.984252 0.133858 -0.125984 
vn -0.984252 0.133858 -0.125984 
vn -0.984252 0.133858 -0.125984 
vn -0.984252 0.133858 -0.125984 
vn -0.456693 0.110236 -0.88189 
vn -0.456693 0.110236 -0.88189 
vn -0.456693 0.110236 -0.88189 
vn -0.456693 0.110236 -0.88189 
vn 0.00787402 0.110236 -0.992126 
vn 0.00787402 0.110236 -0.992126 
vn 0.00787402 0.110236 -0.992126 
vn 0.00787402 0.110236 -0.992126 
vn -0.811024 0.110236 -0.574803 
vn -0.811024 0.110236 -0.574803 
vn -0.811024 0.110236 -0.574803 
vn -0.811024 0.110236 -0.574803 
vn -0.984252 0.110236 -0.125984 
vn -0.984252 0.110236 -0.125984 
vn -0.984252 0.110236 -0.125984 
vn -0.984252 0.110236 -0.125984 
vn 0 1 0 
vn 0 1 0 
vn 0.566929 0.818898 -0.0629921 
vn 0 -1 0 
vn 0 -1 0 
vn 0 -1 0 
vn 0 -1 0 
vn 0 -1 0 
vn 0.00787402 0.385827 -0.92126 
vn 0.433071 0.385827 -0.811024 
vn 0.433071 0.385827 -0.811024 
vn 0.433071 0.385827 -0.811024 
vn 0.433071 0.385827 -0.811024 
vn -0.417323 0.385827 -0.818898 
vn 0.76378 0.385827 -0.519685 
vn 0.76378 0.385827 -0.519685 
vn 0.76378 0.385827 -0.519685 
vn 0.76378 0.385827 -0.519685 
vn 0.913386 0.385827 -0.102362 
vn 0.913386 0.385827 -0.102362 
vn 0.913386 0.385827 -0.102362 
vn 0.913386 0.385827 -0.102362 
vn 0.858268 0.385827 0.338583 
vn 0.472441 0 -0.88189 
vn 0.472441 0 -0.88189 
vn 0.472441 0 -0.88189 
vn 0.472441 0 -0.88189 
vn 0.826772 0 -0.559055 
vn 0.826772 0 -0.559055 
vn 0.826772 0 -0.559055 
vn 0.826772 0 -0.559055 
vn 0.992126 0 -0.110236 
vn 0.992126 0 -0.110236 
vn 0.992126 0 -0.110236 
vn 0.992126 0 -0.110236 
vn 0.472441 0 -0.88189 
vn 0.472441 0 -0.88189 
vn 0.472441 0 -0.88189 
vn 0.472441 0 -0.88189 
vn 0.826772 0 -0.559055 
vn 0.826772 0 -0.559055 
vn 0.826772 0 -0.559055 
vn 0.826772 0 -0.559055 
vn 0.992126 0 -0.110236 
vn 0.992126 0 -0.110236 
vn 0.992126 0 -0.110236 
vn 0.992126 0 -0.110236 
vn 0.472441 0.0787402 -0.88189 
vn 0.472441 0.0787402 -0.88189 
vn 0.472441 0.0787402 -0.88189 
vn 0.472441 0.0787402 -0.88189 
vn 0.826772 0.0787402 -0.559055 
vn 0.826772 0.0787402 -0.559055 
vn 0.826772 0.0787402 -0.559055 
vn 0.826772 0.0787402 -0.559055 
vn 0.992126 0.0787402 -0.110236 
vn 0.992126 0.0787402 -0.110236 
vn 0.992126 0.0787402 -0.110236 
vn 0.992126 0.0787402 -0.110236 
vn 0.472441 0.133858 -0.874016 
vn 0.472441 0.133858 -0.874016 
vn 0.472441 0.133858 -0.874016 
vn 0.472441 0.133858 -0.874016 
vn 0.984252 0.133858 -0.110236 
vn 0.984252 0.133858 -0.110236 
vn 0.984252 0.133858 -0.110236 
vn 0.984252 0.133858 -0.110236 
vn 0.818898 0.133858 -0.551181 
vn 0.818898 0.133858 -0.551181 
vn 0.818898 0.133858 -0.551181 
vn 0.818898 0.133858 -0.551181 
vn 0.472441 0.110236 -0.874016 
vn 0.472441 0.110236 -0.874016 
vn 0.472441 0.110236 -0.874016 
vn 0.472441 0.110236 -0.874016 
vn 0.826772 0.110236 -0.559055 
vn 0.826772 0.110236 -0.559055 
vn 0.826772 0.110236 -0.559055 
vn 0.826772 0.110236 -0.559055 
vn 0.984252 0.110236 -0.110236 
vn 0.984252 0.110236 -0.110236 
vn 0.984252 0.110236 -0.110236 
vn 0.984252 0.110236 -0.110236 
vn 0 -1 0 
vn 0 -1 0 
vn 0 -1 0 
vn 0 -1 0 
vn 0 -1 0 
vn 0 -1 0 
vn 0 -1 0 
vn 0 -1 0 
vn 0 -1 0 
vn 0 -1 0 
vn 0 -1 0 
vn 0 -1 0 
vn 0 -1 0 
vn 0 1 0 
vn 0 1 0 
vn 0.566929 0.818898 -0.0629921 
vn 0.133858 0.818898 0.559055 
vn 0 -1 0 
vn 0 -1 0 
vn 0 -1 0 
vn 0 -1 0 
vn 0 -1 0 
vn -0.866142 0.385827 0.322835 
vn 0.913386 0.385827 -0.102362 
vn 0.858268 0.385827 0.338583 
vn 0.858268 0.385827 0.338583 
vn 0.858268 0.385827 0.338583 
vn 0.858268 0.385827 0.338583 
vn -0.622047 0.385827 0.685039 
vn -0.228346 0.385827 0.889764 
vn 0.606299 0.385827 0.692913 
vn 0.606299 0.385827 0.692913 
vn 0.606299 0.385827 0.692913 
vn 0.606299 0.385827 0.692913 
vn 0.212598 0.385827 0.897638 
vn 0.212598 0.385827 0.897638 
vn 0.212598 0.385827 0.897638 
vn 0.212598 0.385827 0.897638 
vn 0.992126 0 -0.110236 
vn 0.929134 0 0.362205 
vn 0.929134 0 0.362205 
vn 0.929134 0 0.362205 
vn 0.929134 0 0.362205 
vn 0.653543 0 0.755906 
vn 0.653543 0 0.755906 
vn 0.653543 0 0.755906 
vn 0.653543 0 0.755906 
vn 0.228346 0 0.976378 
vn 0.228346 0 0.976378 
vn 0.228346 0 0.976378 
vn 0.228346 0 0.976378 
vn 0.826772 0 -0.559055 
vn 0.992126 0 -0.110236 
vn 0.929134 0 0.362205 
vn 0.929134 0 0.362205 
vn 0.929134 0 0.362205 
vn 0.929134 0 0.362205 
vn 0.653543 0 0.755906 
vn 0.653543 0 0.755906 
vn 0.653543 0 0.755906 
vn 0.653543 0 0.755906 
vn 0.228346 0 0.976378 
vn 0.228346 0 0.976378 
vn 0.228346 0 0.976378 
vn 0.228346 0 0.976378 
vn 0.929134 0.0787402 0.362205 
vn 0.929134 0.0787402 0.362205 
vn 0.929134 0.0787402 0.362205 
vn 0.929134 0.0787402 0.362205 
vn 0.653543 0.0787402 0.755906 
vn 0.653543 0.0787402 0.755906 
vn 0.653543 0.0787402 0.755906 
vn 0.653543 0.0787402 0.755906 
vn 0.228346 0.0787402 0.968504 
vn 0.228346 0.0787402 0.968504 
vn 0.228346 0.0787402 0.968504 
vn 0.228346 0.0787402 0.968504 
vn 0.92126 0.133858 0.362205 
vn 0.92126 0.133858 0.362205 
vn 0.92126 0.133858 0.362205 
vn 0.92126 0.133858 0.362205 
vn 0.653543 0.133858 0.748031 
vn 0.653543 0.133858 0.748031 
vn 0.653543 0.133858 0.748031 
vn 0.653543 0.133858 0.748031 
vn 0.228346 0.133858 0.96063 
vn 0.228346 0.133858 0.96063 
vn 0.228346 0.133858 0.96063 
vn 0.228346 0.133858 0.96063 
vn 0.929134 0.110236 0.362205 
vn 0.929134 0.110236 0.362205 
vn 0.929134 0.110236 0.362205 
vn 0.929134 0.110236 0.362205 
vn 0.653543 0.110236 0.748031 
vn 0.653543 0.110236 0.748031 
vn 0.653543 0.110236 0.748031 
vn 0.653543 0.110236 0.748031 
vn 0.228346 0.110236 0.968504 
vn 0.228346 0.110236 0.968504 
vn 0.228346 0.110236 0.968504 
vn 0.228346 0.110236 0.968504 

vt -0.48492 8.03293 
vt 0.9422 8.03293 
vt 1.69796 7.50366 
vt 1.06323 -6.03293 
vt -2.50856 -6.03293 
vt -1.59437 -6.03293 
vt -0.305337 -6.03293 
vt 2.19781 -6.03293 
vt -0.927089 7.50366 
vt -0.198 6.84543 
vt -0.16375 7.50366 
vt -1.0885 6.84543 
vt 0.646688 7.50366 
vt -0.16375 7.50366 
vt -0.198 6.84543 
vt 0.747448 6.84543 
vt 1.31856 7.50366 
vt 0.646688 7.50366 
vt 0.747448 6.84543 
vt 1.53125 6.84543 
vt -0.305337 -5.56991 
vt -1.59437 -5.56991 
vt -1.59437 -6.03293 
vt -0.305337 -6.03293 
vt 2.19781 -5.56991 
vt 1.06323 -5.56991 
vt 1.06323 -6.03293 
vt 2.19781 -6.03293 
vt -0.305337 -6.03293 
vt 1.06323 -5.56991 
vt -0.305337 -5.56991 
vt 1.06323 -6.03293 
vt -2.48027 -3.10502 
vt -1.57622 -5.2906 
vt -0.301487 -3.10502 
vt -1.57622 -3.10502 
vt -0.301487 -5.2906 
vt 2.1739 -3.10502 
vt 1.0519 -5.2906 
vt 2.1739 -3.10502 
vt 1.0519 -3.10502 
vt 2.1739 -5.2906 
vt -0.301487 -3.10502 
vt -0.301487 -5.2906 
vt 1.0519 -3.10502 
vt 1.0519 -5.2906 
vt -1.0885 6.84543 
vt -0.285587 -2.15859 
vt -0.198 6.84543 
vt -1.50128 -2.15859 
vt 1.00512 -2.15859 
vt 1.53125 6.84543 
vt 0.747448 6.84543 
vt 2.07516 -2.15859 
vt -0.285587 -2.15859 
vt 0.747448 6.84543 
vt -0.198 6.84543 
vt 1.00512 -2.15859 
vt -1.50128 -2.15859 
vt -0.301487 -3.10502 
vt -0.285587 -2.15859 
vt -1.57622 -3.10502 
vt -0.285587 -2.15859 
vt -0.301487 -3.10502 
vt 1.00512 -2.15859 
vt 1.0519 -3.10502 
vt 1.00512 -2.15859 
vt 1.0519 -3.10502 
vt 2.07516 -2.15859 
vt 2.1739 -3.10502 
vt 1.0519 -5.2906 
vt -0.301487 -5.2906 
vt -0.305337 -5.56991 
vt 1.06323 -5.56991 
vt -1.57622 -5.2906 
vt -0.305337 -5.56991 
vt -0.301487 -5.2906 
vt -1.59437 -5.56991 
vt 2.1739 -5.2906 
vt 1.0519 -5.2906 
vt 1.06323 -5.56991 
vt 2.19781 -5.56991 
vt 0.86704 0.629329 
vt 3.5397e-08 1.88545 
vt -0.86704 0.629329 
vt -0.763153 1.48492 
vt -0.920539 1.06993 
vt -0.430938 1.77924 
vt 0.221917 0.0577996 
vt -0.614913 0.26406 
vt -0.221917 0.0577996 
vt 0.614913 0.26406 
vt 0.763153 1.48492 
vt 0.430938 1.77924 
vt 0.920539 1.06993 
vt 2.52089e-08 2.66383 
vt 0.430938 1.77924 
vt 0.792668 2.46846 
vt 3.5397e-08 1.88545 
vt 0.763153 1.48492 
vt 1.40375 1.92709 
vt 0.430938 1.77924 
vt 0.792668 2.46846 
vt 1.69324 1.16375 
vt 0.763153 1.48492 
vt 0.920539 1.06993 
vt 1.40375 1.92709 
vt -0.763153 1.48492 
vt -1.69324 1.16375 
vt -0.920539 1.06993 
vt -1.40375 1.92709 
vt 0.920539 1.06993 
vt 1.59484 0.353312 
vt 1.69324 1.16375 
vt 0.86704 0.629329 
vt -0.430938 1.77924 
vt -1.40375 1.92709 
vt -0.763153 1.48492 
vt -0.792668 2.46846 
vt 1.59484 0.353312 
vt 0.614913 0.26406 
vt 1.13107 -0.318565 
vt 0.86704 0.629329 
vt -0.430938 1.77924 
vt 2.52089e-08 2.66383 
vt -0.792668 2.46846 
vt 3.5397e-08 1.88545 
vt -0.408195 -0.697961 
vt -0.614913 0.26406 
vt -1.13107 -0.318565 
vt -0.221917 0.0577996 
vt -1.13107 -0.318565 
vt -0.86704 0.629329 
vt -1.59484 0.353312 
vt -0.614913 0.26406 
vt -0.920539 1.06993 
vt -1.59484 0.353312 
vt -0.86704 0.629329 
vt -1.69324 1.16375 
vt 0.221917 0.0577996 
vt 1.13107 -0.318565 
vt 0.614913 0.26406 
vt 0.408195 -0.697961 
vt -0.408195 -0.697961 
vt 0.408195 -0.697961 
vt 0.221917 0.0577996 
vt -0.221917 0.0577996 
vt 0.763153 8.03293 
vt 1.33856 -6.03293 
vt 5.16935e-08 -6.03293 
vt 2.37047 -6.03293 
vt -1.33856 -6.03293 
vt -2.37047 -6.03293 
vt -1.40375 7.50366 
vt -0.924718 6.84543 
vt -0.792668 7.50366 
vt -1.63759 6.84543 
vt -1.97532 6.84543 
vt -0.792668 7.50366 
vt -5.33413e-09 6.84543 
vt -2.52089e-08 7.50366 
vt -0.924718 6.84543 
vt 0.792668 7.50366 
vt -2.52089e-08 7.50366 
vt -5.33413e-09 6.84543 
vt 0.924718 6.84543 
vt 1.97532 6.84543 
vt 1.63759 6.84543 
vt 1.40375 7.50366 
vt 0.792668 7.50366 
vt 0.924718 6.84543 
vt 1.63759 6.84543 
vt 4.2396e-08 -5.56991 
vt -1.33856 -5.56991 
vt -1.33856 -6.03293 
vt 5.16935e-08 -6.03293 
vt -1.33856 -5.56991 
vt -2.37047 -5.56991 
vt -2.37047 -6.03293 
vt -1.33856 -6.03293 
vt 1.33856 -6.03293 
vt 2.37047 -5.56991 
vt 1.33856 -5.56991 
vt 2.37047 -6.03293 
vt 1.33856 -5.56991 
vt 4.2396e-08 -5.56991 
vt 5.16935e-08 -6.03293 
vt 1.33856 -6.03293 
vt -2.34418 -3.10502 
vt 8.55897e-09 -3.10502 
vt 3.09972e-08 -5.2906 
vt 1.32371 -3.10502 
vt 1.32371 -5.2906 
vt -1.32371 -3.10502 
vt -1.32371 -5.2906 
vt 8.55897e-09 -3.10502 
vt 3.09972e-08 -5.2906 
vt -2.34418 -3.10502 
vt -2.34418 -5.2906 
vt -1.32371 -3.10502 
vt -1.32371 -5.2906 
vt 1.32371 -3.10502 
vt 1.32371 -5.2906 
vt 2.34418 -3.10502 
vt 2.34418 -5.2906 
vt -0.924718 6.84543 
vt 8.32216e-09 -2.15859 
vt -5.33413e-09 6.84543 
vt -1.26241 -2.15859 
vt -1.63759 6.84543 
vt -1.26241 -2.15859 
vt -0.924718 6.84543 
vt -2.23561 -2.15859 
vt 8.32216e-09 -2.15859 
vt 0.924718 6.84543 
vt -5.33413e-09 6.84543 
vt 1.26241 -2.15859 
vt 1.26241 -2.15859 
vt 1.63759 6.84543 
vt 0.924718 6.84543 
vt 2.23561 -2.15859 
vt -1.26241 -2.15859 
vt 8.55897e-09 -3.10502 
vt 8.32216e-09 -2.15859 
vt -1.32371 -3.10502 
vt 8.32216e-09 -2.15859 
vt 8.55897e-09 -3.10502 
vt 1.26241 -2.15859 
vt 1.32371 -3.10502 
vt -2.23561 -2.15859 
vt -1.32371 -3.10502 
vt -1.26241 -2.15859 
vt -2.34418 -3.10502 
vt 1.26241 -2.15859 
vt 1.32371 -3.10502 
vt 2.23561 -2.15859 
vt 2.34418 -3.10502 
vt -1.32371 -5.2906 
vt 4.2396e-08 -5.56991 
vt 3.09972e-08 -5.2906 
vt -1.33856 -5.56991 
vt -2.34418 -5.2906 
vt -1.33856 -5.56991 
vt -1.32371 -5.2906 
vt -2.37047 -5.56991 
vt 1.32371 -5.2906 
vt 3.09972e-08 -5.2906 
vt 4.2396e-08 -5.56991 
vt 1.33856 -5.56991 
vt 2.34418 -5.2906 
vt 1.32371 -5.2906 
vt 1.33856 -5.56991 
vt 2.37047 -5.56991 
vt -0.73594 8.03293 
vt 0.48492 8.03293 
vt -1.31856 7.50366 
vt 2.50856 -6.03293 
vt -1.06323 -6.03293 
vt 1.59437 -6.03293 
vt 0.305337 -6.03293 
vt -2.19781 -6.03293 
vt 1.0885 6.84543 
vt 0.927089 7.50366 
vt 0.16375 7.50366 
vt 0.198 6.84543 
vt 1.0885 6.84543 
vt 1.94798 6.84543 
vt -0.646688 7.50366 
vt 0.198 6.84543 
vt 0.16375 7.50366 
vt -0.747448 6.84543 
vt -1.31856 7.50366 
vt -0.747448 6.84543 
vt -0.646688 7.50366 
vt -1.53125 6.84543 
vt -1.97385 6.84543 
vt 1.59437 -5.56991 
vt 0.305337 -5.56991 
vt 0.305337 -6.03293 
vt 1.59437 -6.03293 
vt -1.06323 -6.03293 
vt 0.305337 -5.56991 
vt -1.06323 -5.56991 
vt 0.305337 -6.03293 
vt -1.06323 -5.56991 
vt -2.19781 -5.56991 
vt -2.19781 -6.03293 
vt -1.06323 -6.03293 
vt 0.301487 -5.2906 
vt 1.57622 -3.10502 
vt 0.301487 -3.10502 
vt 1.57622 -5.2906 
vt -1.0519 -3.10502 
vt -1.0519 -5.2906 
vt 0.301487 -3.10502 
vt 0.301487 -5.2906 
vt -2.1739 -5.2906 
vt -1.0519 -3.10502 
vt -2.1739 -3.10502 
vt -1.0519 -5.2906 
vt 0.285587 -2.15859 
vt 1.0885 6.84543 
vt 0.198 6.84543 
vt 1.50128 -2.15859 
vt -0.747448 6.84543 
vt 0.285587 -2.15859 
vt 0.198 6.84543 
vt -1.00512 -2.15859 
vt -1.53125 6.84543 
vt -1.00512 -2.15859 
vt -0.747448 6.84543 
vt -2.07516 -2.15859 
vt 0.285587 -2.15859 
vt 0.301487 -3.10502 
vt 1.50128 -2.15859 
vt 1.57622 -3.10502 
vt -2.07516 -2.15859 
vt -1.0519 -3.10502 
vt -1.00512 -2.15859 
vt -2.1739 -3.10502 
vt -1.00512 -2.15859 
vt 0.301487 -3.10502 
vt 0.285587 -2.15859 
vt -1.0519 -3.10502 
vt 1.57622 -5.2906 
vt 0.301487 -5.2906 
vt 0.305337 -5.56991 
vt 1.59437 -5.56991 
vt -1.0519 -5.2906 
vt 0.305337 -5.56991 
vt 0.301487 -5.2906 
vt -1.06323 -5.56991 
vt -2.1739 -5.2906 
vt -1.06323 -5.56991 
vt -1.0519 -5.2906 
vt -2.19781 -5.56991 
vt 2.69316 -0.0632288 
vt 1.33856 3.50856 
vt 5.16935e-08 3.83848 
vt 2.37047 2.59437 
vt 2.85933 1.30534 
vt -1.33856 3.50856 
vt -2.69316 -0.0632288 
vt -2.37047 2.59437 
vt -2.85933 1.30534 
vt 1.91001 -1.19781 
vt -1.91001 -1.19781 
vt -0.689309 -1.83848 
vt 0.689309 -1.83848 
vt -0.221917 8.03293 
vt 0.614913 8.03293 
vt 1.13107 7.50366 
vt -0.408195 7.50366 
vt -2.69316 -6.03293 
vt -1.91001 -6.03293 
vt 1.91001 -6.03293 
vt 0.689309 -6.03293 
vt -0.689309 -6.03293 
vt -1.97532 6.84543 
vt 1.3195 6.84543 
vt 1.13107 7.50366 
vt 0.408195 7.50366 
vt 0.476196 6.84543 
vt 1.3195 6.84543 
vt -1.86052 6.84543 
vt -1.3195 6.84543 
vt -0.408195 7.50366 
vt 0.476196 6.84543 
vt 0.408195 7.50366 
vt -0.476196 6.84543 
vt -1.13107 7.50366 
vt -0.476196 6.84543 
vt -0.408195 7.50366 
vt -1.3195 6.84543 
vt 1.91001 -5.56991 
vt 1.91001 -5.56991 
vt 0.689309 -5.56991 
vt 0.689309 -6.03293 
vt 1.91001 -6.03293 
vt -0.689309 -6.03293 
vt 0.689309 -5.56991 
vt -0.689309 -5.56991 
vt 0.689309 -6.03293 
vt -0.689309 -5.56991 
vt -1.91001 -5.56991 
vt -1.91001 -6.03293 
vt -0.689309 -6.03293 
vt 2.66329 -3.10502 
vt 1.88883 -3.10502 
vt 0.681664 -5.2906 
vt 1.88883 -3.10502 
vt 0.681664 -3.10502 
vt 1.88883 -5.2906 
vt -0.681664 -3.10502 
vt -0.681664 -5.2906 
vt 0.681664 -3.10502 
vt 0.681664 -5.2906 
vt -1.88883 -5.2906 
vt -0.681664 -3.10502 
vt -1.88883 -3.10502 
vt -0.681664 -5.2906 
vt 0.650095 -2.15859 
vt 1.3195 6.84543 
vt 0.476196 6.84543 
vt 1.80135 -2.15859 
vt -0.476196 6.84543 
vt 0.650095 -2.15859 
vt 0.476196 6.84543 
vt -0.650095 -2.15859 
vt -1.3195 6.84543 
vt -0.650095 -2.15859 
vt -0.476196 6.84543 
vt -1.80135 -2.15859 
vt 0.650095 -2.15859 
vt 0.681664 -3.10502 
vt 1.80135 -2.15859 
vt 1.88883 -3.10502 
vt -0.650095 -2.15859 
vt -0.681664 -3.10502 
vt 0.650095 -2.15859 
vt 0.681664 -3.10502 
vt -1.80135 -2.15859 
vt -0.681664 -3.10502 
vt -0.650095 -2.15859 
vt -1.88883 -3.10502 
vt 1.88883 -5.2906 
vt 0.681664 -5.2906 
vt 0.689309 -5.56991 
vt 1.91001 -5.56991 
vt -0.681664 -5.2906 
vt 0.689309 -5.56991 
vt 0.681664 -5.2906 
vt -0.689309 -5.56991 
vt -1.88883 -5.2906 
vt -0.689309 -5.56991 
vt -0.681664 -5.2906 
vt -1.91001 -5.56991 

usemtl Cylinder1Mtl

f 179/179/179 180/180/180 181/181/181 
f 180/180/180 179/179/179 182/182/182 
f 183/183/183 184/184/184 185/185/185 
f 183/183/183 185/185/185 186/186/186 
f 187/187/187 188/188/188 189/189/189 
f 189/189/189 190/190/190 187/187/187 
f 191/191/191 192/192/192 193/193/193 
f 191/191/191 193/193/193 194/194/194 
f 195/195/195 196/196/196 197/197/197 
f 195/195/195 197/197/197 198/198/198 
f 199/199/199 200/200/200 201/201/201 
f 200/200/200 199/199/199 202/202/202 
f 204/204/204 205/205/205 206/206/206 
f 205/205/205 204/204/204 207/207/207 
f 209/209/209 210/210/210 211/211/211 
f 210/210/210 209/209/209 212/212/212 
f 213/213/213 214/214/214 215/215/215 
f 215/215/215 214/214/214 216/216/216 
f 217/217/217 218/218/218 219/219/219 
f 218/218/218 217/217/217 220/220/220 
f 221/221/221 222/222/222 223/223/223 
f 222/222/222 221/221/221 224/224/224 
f 225/225/225 226/226/226 227/227/227 
f 226/226/226 225/225/225 228/228/228 
f 229/229/229 230/230/230 231/231/231 
f 230/230/230 229/229/229 232/232/232 
f 233/233/233 234/234/234 235/235/235 
f 235/235/235 234/234/234 236/236/236 
f 237/237/237 238/238/238 239/239/239 
f 239/239/239 238/238/238 240/240/240 
f 241/241/241 242/242/242 243/243/243 
f 241/241/241 243/243/243 244/244/244 
f 245/245/245 246/246/246 247/247/247 
f 246/246/246 245/245/245 248/248/248 
f 249/249/249 250/250/250 251/251/251 
f 249/249/249 251/251/251 252/252/252 
f 253/253/253 254/254/254 255/255/255 
f 254/254/254 256/256/256 255/255/255 
f 255/255/255 256/256/256 257/257/257 
f 256/256/256 254/254/254 258/258/258 
f 255/255/255 259/259/259 253/253/253 
f 259/259/259 255/255/255 260/260/260 
f 259/259/259 260/260/260 261/261/261 
f 253/253/253 259/259/259 262/262/262 
f 263/263/263 254/254/254 253/253/253 
f 254/254/254 263/263/263 264/264/264 
f 263/263/263 253/253/253 265/265/265 
f 266/266/266 267/267/267 268/268/268 
f 267/267/267 266/266/266 269/269/269 
f 270/270/270 271/271/271 272/272/272 
f 271/271/271 273/273/273 272/272/272 
f 274/274/274 275/275/275 276/276/276 
f 275/275/275 274/274/274 277/277/277 
f 278/278/278 279/279/279 280/280/280 
f 279/279/279 278/278/278 281/281/281 
f 282/282/282 283/283/283 284/284/284 
f 283/283/283 282/282/282 285/285/285 
f 286/286/286 287/287/287 288/288/288 
f 287/287/287 286/286/286 289/289/289 
f 290/290/290 291/291/291 292/292/292 
f 291/291/291 290/290/290 293/293/293 
f 294/294/294 295/295/295 296/296/296 
f 295/295/295 294/294/294 297/297/297 
f 298/298/298 299/299/299 300/300/300 
f 299/299/299 298/298/298 301/301/301 
f 302/302/302 303/303/303 304/304/304 
f 303/303/303 302/302/302 305/305/305 
f 306/306/306 307/307/307 308/308/308 
f 307/307/307 306/306/306 309/309/309 
f 310/310/310 311/311/311 312/312/312 
f 311/311/311 310/310/310 313/313/313 
f 314/314/314 315/315/315 316/316/316 
f 314/314/314 316/316/316 317/317/317 
f 324/324/324 325/325/325 326/326/326 
f 325/325/325 324/324/324 327/327/327 
f 329/329/329 330/330/330 331/331/331 
f 330/330/330 329/329/329 332/332/332 
f 333/333/333 334/334/334 335/335/335 
f 335/335/335 336/336/336 333/333/333 
f 339/339/339 340/340/340 341/341/341 
f 341/341/341 342/342/342 339/339/339 
f 343/343/343 344/344/344 345/345/345 
f 343/343/343 345/345/345 346/346/346 
f 347/347/347 348/348/348 349/349/349 
f 347/347/347 349/349/349 350/350/350 
f 351/351/351 352/352/352 353/353/353 
f 352/352/352 351/351/351 354/354/354 
f 355/355/355 356/356/356 357/357/357 
f 355/355/355 357/357/357 358/358/358 
f 360/360/360 361/361/361 362/362/362 
f 362/362/362 361/361/361 363/363/363 
f 364/364/364 365/365/365 366/366/366 
f 366/366/366 365/365/365 367/367/367 
f 368/368/368 369/369/369 370/370/370 
f 370/370/370 369/369/369 371/371/371 
f 372/372/372 373/373/373 374/374/374 
f 374/374/374 373/373/373 375/375/375 
f 376/376/376 377/377/377 378/378/378 
f 377/377/377 376/376/376 379/379/379 
f 380/380/380 381/381/381 382/382/382 
f 381/381/381 380/380/380 383/383/383 
f 384/384/384 385/385/385 386/386/386 
f 385/385/385 384/384/384 387/387/387 
f 388/388/388 389/389/389 390/390/390 
f 389/389/389 388/388/388 391/391/391 
f 392/392/392 393/393/393 394/394/394 
f 393/393/393 392/392/392 395/395/395 
f 396/396/396 397/397/397 398/398/398 
f 398/398/398 397/397/397 399/399/399 
f 400/400/400 401/401/401 402/402/402 
f 401/401/401 400/400/400 403/403/403 
f 404/404/404 405/405/405 406/406/406 
f 406/406/406 405/405/405 407/407/407 
f 408/408/408 409/409/409 410/410/410 
f 409/409/409 408/408/408 411/411/411 
f 412/412/412 413/413/413 414/414/414 
f 413/413/413 412/412/412 415/415/415 
f 416/416/416 417/417/417 418/418/418 
f 416/416/416 418/418/418 419/419/419 
f 420/420/420 421/421/421 422/422/422 
f 420/420/420 422/422/422 423/423/423 
f 433/433/433 434/434/434 435/435/435 
f 435/435/435 436/436/436 433/433/433 
f 438/438/438 439/439/439 440/440/440 
f 439/439/439 438/438/438 441/441/441 
f 442/442/442 443/443/443 444/444/444 
f 443/443/443 442/442/442 445/445/445 
f 447/447/447 448/448/448 449/449/449 
f 447/447/447 449/449/449 450/450/450 
f 451/451/451 452/452/452 453/453/453 
f 452/452/452 451/451/451 454/454/454 
f 455/455/455 456/456/456 457/457/457 
f 455/455/455 457/457/457 458/458/458 
f 459/459/459 460/460/460 461/461/461 
f 460/460/460 459/459/459 462/462/462 
f 463/463/463 464/464/464 465/465/465 
f 465/465/465 464/464/464 466/466/466 
f 467/467/467 468/468/468 469/469/469 
f 468/468/468 467/467/467 470/470/470 
f 471/471/471 472/472/472 473/473/473 
f 472/472/472 471/471/471 474/474/474 
f 475/475/475 476/476/476 477/477/477 
f 476/476/476 475/475/475 478/478/478 
f 479/479/479 480/480/480 481/481/481 
f 480/480/480 479/479/479 482/482/482 
f 483/483/483 484/484/484 485/485/485 
f 485/485/485 484/484/484 486/486/486 
f 487/487/487 488/488/488 489/489/489 
f 488/488/488 487/487/487 490/490/490 
f 491/491/491 492/492/492 493/493/493 
f 492/492/492 491/491/491 494/494/494 
f 495/495/495 496/496/496 497/497/497 
f 495/495/495 497/497/497 498/498/498 
f 499/499/499 500/500/500 501/501/501 
f 500/500/500 499/499/499 502/502/502 
f 503/503/503 504/504/504 505/505/505 
f 504/504/504 503/503/503 506/506/506 
f 507/507/507 508/508/508 509/509/509 
f 508/508/508 507/507/507 510/510/510 
f 510/510/510 507/507/507 511/511/511 
f 512/512/512 507/507/507 509/509/509 
f 507/507/507 512/512/512 513/513/513 
f 514/514/514 513/513/513 512/512/512 
f 513/513/513 514/514/514 515/515/515 
f 507/507/507 513/513/513 516/516/516 
f 517/517/517 516/516/516 513/513/513 
f 518/518/518 516/516/516 517/517/517 
f 516/516/516 518/518/518 519/519/519 
f 531/531/531 532/532/532 533/533/533 
f 533/533/533 534/534/534 531/531/531 
f 537/537/537 538/538/538 539/539/539 
f 538/538/538 537/537/537 540/540/540 
f 541/541/541 542/542/542 543/543/543 
f 542/542/542 541/541/541 544/544/544 
f 546/546/546 547/547/547 548/548/548 
f 546/546/546 548/548/548 549/549/549 
f 550/550/550 551/551/551 552/552/552 
f 551/551/551 550/550/550 553/553/553 
f 554/554/554 555/555/555 556/556/556 
f 554/554/554 556/556/556 557/557/557 
f 560/560/560 561/561/561 562/562/562 
f 561/561/561 560/560/560 563/563/563 
f 564/564/564 565/565/565 566/566/566 
f 566/566/566 565/565/565 567/567/567 
f 568/568/568 569/569/569 570/570/570 
f 569/569/569 568/568/568 571/571/571 
f 572/572/572 573/573/573 574/574/574 
f 573/573/573 572/572/572 575/575/575 
f 576/576/576 577/577/577 578/578/578 
f 577/577/577 576/576/576 579/579/579 
f 580/580/580 581/581/581 582/582/582 
f 581/581/581 580/580/580 583/583/583 
f 584/584/584 585/585/585 586/586/586 
f 586/586/586 585/585/585 587/587/587 
f 588/588/588 589/589/589 590/590/590 
f 590/590/590 589/589/589 591/591/591 
f 592/592/592 593/593/593 594/594/594 
f 593/593/593 592/592/592 595/595/595 
f 596/596/596 597/597/597 598/598/598 
f 596/596/596 598/598/598 599/599/599 
f 600/600/600 601/601/601 602/602/602 
f 601/601/601 600/600/600 603/603/603 
f 604/604/604 605/605/605 606/606/606 
f 605/605/605 604/604/604 607/607/607 

g Cube0021

v 1603 137.685 -1753.42 
v 1601.56 127.997 -1755.07 
v 1601.56 137.685 -1755.07 
v 1603 127.997 -1753.42 
v 1600.65 177.749 -1756.11 
v 1599.21 177.749 -1757.77 
v 1597.68 228.873 -1759.52 
v 1596.24 228.872 -1761.18 
v 1596.24 228.872 -1761.18 
v 1598.84 228.873 -1763.43 
v 1597.68 228.873 -1759.52 
v 1600.28 228.873 -1761.78 
v 1601.56 137.685 -1755.07 
v 1604.16 127.997 -1757.33 
v 1604.15 137.685 -1757.33 
v 1601.56 127.997 -1755.07 
v 1599.21 177.749 -1757.77 
v 1601.56 137.685 -1755.07 
v 1601.81 177.749 -1760.03 
v 1604.15 137.685 -1757.33 
v 1596.24 228.872 -1761.18 
v 1599.21 177.749 -1757.77 
v 1598.84 228.873 -1763.43 
v 1601.81 177.749 -1760.03 
v 1604.15 137.685 -1757.33 
v 1605.59 127.997 -1755.68 
v 1605.59 137.685 -1755.68 
v 1604.16 127.997 -1757.33 
v 1605.59 137.685 -1755.68 
v 1603.25 177.749 -1758.37 
v 1604.15 137.685 -1757.33 
v 1601.81 177.749 -1760.03 
v 1603.25 177.749 -1758.37 
v 1600.28 228.873 -1761.78 
v 1601.81 177.749 -1760.03 
v 1598.84 228.873 -1763.43 
v 1605.59 127.997 -1755.68 
v 1604.16 127.997 -1757.33 
v 1601.56 127.997 -1755.07 
v 1603 127.997 -1753.42 
v 1600.28 228.873 -1761.78 
v 1603.25 177.749 -1758.37 
v 1597.68 228.873 -1759.52 
v 1600.65 177.749 -1756.11 
v 1603.25 177.749 -1758.37 
v 1605.59 137.685 -1755.68 
v 1600.65 177.749 -1756.11 
v 1603 137.685 -1753.42 
v 1605.59 137.685 -1755.68 
v 1603 127.997 -1753.42 
v 1603 137.685 -1753.42 
v 1605.59 127.997 -1755.68 

vn -0.755906 0 0.653543 
vn -0.755906 0 0.653543 
vn -0.755906 0 0.653543 
vn -0.755906 0 0.653543 
vn -0.755906 0 0.653543 
vn -0.755906 0 0.653543 
vn -0.755906 0 0.653543 
vn -0.755906 0 0.653543 
vn 0 1 0 
vn 0 1 0 
vn 0 1 0 
vn 0 1 0 
vn -0.653543 0 -0.755906 
vn -0.653543 0 -0.755906 
vn -0.653543 0 -0.755906 
vn -0.653543 0 -0.755906 
vn -0.653543 -0.0866142 -0.748031 
vn -0.653543 -0.0866142 -0.748031 
vn -0.653543 -0.0866142 -0.748031 
vn -0.653543 -0.0866142 -0.748031 
vn -0.653543 -0.0866142 -0.748031 
vn -0.653543 -0.0866142 -0.748031 
vn -0.653543 -0.0866142 -0.748031 
vn -0.653543 -0.0866142 -0.748031 
vn 0.755906 0 -0.653543 
vn 0.755906 0 -0.653543 
vn 0.755906 0 -0.653543 
vn 0.755906 0 -0.653543 
vn 0.755906 0 -0.653543 
vn 0.755906 0 -0.653543 
vn 0.755906 0 -0.653543 
vn 0.755906 0 -0.653543 
vn 0.755906 0 -0.653543 
vn 0.755906 0 -0.653543 
vn 0.755906 0 -0.653543 
vn 0.755906 0 -0.653543 
vn 0 -1 0 
vn 0 -1 0 
vn 0 -1 0 
vn 0 -1 0 
vn 0.653543 0.0866142 0.748031 
vn 0.653543 0.0866142 0.748031 
vn 0.653543 0.0866142 0.748031 
vn 0.653543 0.0866142 0.748031 
vn 0.653543 0.0866142 0.748031 
vn 0.653543 0.0866142 0.748031 
vn 0.653543 0.0866142 0.748031 
vn 0.653543 0.0866142 0.748031 
vn 0.653543 0 0.755906 
vn 0.653543 0 0.755906 
vn 0.653543 0 0.755906 
vn 0.653543 0 0.755906 

vt 1.28458 -9.18761 
vt 0.736328 -11.6095 
vt 0.736328 -9.18761 
vt 1.28458 -11.6095 
vt 0.392538 0.828476 
vt -0.155712 0.828476 
vt -0.736328 13.6095 
vt -1.28458 13.6095 
vt -0.430187 2.28458 
vt 0.430188 2.28458 
vt -0.430187 1.73633 
vt 0.430188 1.73633 
vt 0.430188 -9.18761 
vt -0.430187 -11.6095 
vt -0.430187 -9.18761 
vt 0.430188 -11.6095 
vt 0.430187 0.828476 
vt 0.430188 -9.18761 
vt -0.430187 0.828476 
vt -0.430187 -9.18761 
vt 0.430187 13.6095 
vt 0.430187 0.828476 
vt -0.430188 13.6095 
vt -0.430187 0.828476 
vt -0.736328 -9.18761 
vt -1.28458 -11.6095 
vt -1.28458 -9.18761 
vt -0.736328 -11.6095 
vt -1.28458 -9.18761 
vt -0.392538 0.828476 
vt -0.736328 -9.18761 
vt 0.155712 0.828476 
vt -0.392538 0.828476 
vt 0.736328 13.6095 
vt 0.155712 0.828476 
vt 1.28458 13.6095 
vt -0.430187 -0.284576 
vt -0.430187 0.263672 
vt 0.430188 0.263672 
vt 0.430188 -0.284576 
vt 0.430188 13.6095 
vt 0.430187 0.828476 
vt -0.430187 13.6095 
vt -0.430187 0.828476 
vt 0.430187 0.828476 
vt 0.430187 -9.18761 
vt -0.430187 0.828476 
vt -0.430188 -9.18761 
vt 0.430187 -9.18761 
vt -0.430188 -11.6095 
vt -0.430188 -9.18761 
vt 0.430187 -11.6095 

usemtl Cube0021Mtl

f 608/608/608 610/610/610 609/609/609 
f 609/609/609 611/611/611 608/608/608 
f 610/610/610 608/608/608 612/612/612 
f 612/612/612 613/613/613 610/610/610 
f 613/613/613 612/612/612 614/614/614 
f 614/614/614 615/615/615 613/613/613 
f 616/616/616 618/618/618 617/617/617 
f 618/618/618 619/619/619 617/617/617 
f 620/620/620 622/622/622 621/621/621 
f 621/621/621 623/623/623 620/620/620 
f 624/624/624 626/626/626 625/625/625 
f 626/626/626 627/627/627 625/625/625 
f 628/628/628 630/630/630 629/629/629 
f 630/630/630 631/631/631 629/629/629 
f 632/632/632 634/634/634 633/633/633 
f 633/633/633 635/635/635 632/632/632 
f 636/636/636 638/638/638 637/637/637 
f 639/639/639 637/637/637 638/638/638 
f 640/640/640 642/642/642 641/641/641 
f 643/643/643 641/641/641 642/642/642 
f 644/644/644 646/646/646 645/645/645 
f 644/644/644 647/647/647 646/646/646 
f 648/648/648 650/650/650 649/649/649 
f 650/650/650 651/651/651 649/649/649 
f 652/652/652 654/654/654 653/653/653 
f 654/654/654 655/655/655 653/653/653 
f 656/656/656 658/658/658 657/657/657 
f 657/657/657 659/659/659 656/656/656 

g Cylinder0011

v 1588.73 266.611 -1771.79 
v 1589.11 266.611 -1774.7 
v 1576.7 234.59 -1752.49 
v 1587.69 229.878 -1749.67 
v 1587.69 234.591 -1749.67 
v 1576.7 229.877 -1752.49 
v 1568.28 234.589 -1760.1 
v 1576.7 229.877 -1752.49 
v 1576.7 234.59 -1752.49 
v 1568.28 229.876 -1760.1 
v 1568.28 229.876 -1760.1 
v 1568.28 226.279 -1760.09 
v 1576.7 229.877 -1752.49 
v 1576.7 226.28 -1752.49 
v 1576.7 226.28 -1752.49 
v 1587.69 229.878 -1749.67 
v 1576.7 229.877 -1752.49 
v 1587.7 226.281 -1749.67 
v 1598.74 229.879 -1752.28 
v 1598.74 234.592 -1752.28 
v 1564.36 234.588 -1770.74 
v 1568.28 229.876 -1760.1 
v 1568.28 234.589 -1760.1 
v 1564.36 229.875 -1770.74 
v 1564.36 229.875 -1770.74 
v 1564.36 226.278 -1770.74 
v 1568.28 229.876 -1760.1 
v 1568.28 226.279 -1760.09 
v 1565.83 229.875 -1781.99 
v 1572.36 234.588 -1791.27 
v 1584.16 264.124 -1770.84 
v 1589.98 264.125 -1769.34 
v 1584.94 264.124 -1776.8 
v 1583.41 264.124 -1772.87 
v 1568.28 234.589 -1760.1 
v 1584.16 264.124 -1770.84 
v 1564.36 234.588 -1770.74 
v 1587.69 234.591 -1749.67 
v 1587.87 264.125 -1768.84 
v 1576.7 234.59 -1752.49 
v 1585.77 264.125 -1769.38 
v 1584.16 264.124 -1770.84 
v 1568.28 234.589 -1760.1 
v 1585.77 264.125 -1769.38 
v 1576.7 234.59 -1752.49 
v 1593.31 229.878 -1794.39 
v 1593.31 226.281 -1794.39 
v 1602.45 229.879 -1789.48 
v 1602.45 226.282 -1789.48 
v 1602.45 229.879 -1789.48 
v 1602.45 226.282 -1789.48 
v 1608.27 229.88 -1780.88 
v 1608.27 226.283 -1780.88 
v 1608.27 229.88 -1780.88 
v 1608.27 226.283 -1780.88 
v 1609.42 229.88 -1770.56 
v 1609.42 226.283 -1770.56 
v 1589.59 266.611 -1774 
v 1586.14 266.611 -1773.18 
v 1587.07 266.611 -1771.81 
v 1586.44 266.611 -1772.38 
v 1588.73 266.611 -1771.79 
v 1587.9 266.611 -1771.59 
v 1589.37 266.611 -1772.35 
v 1589.68 266.611 -1773.15 
v 1588.36 266.611 -1775.11 
v 1589.11 266.611 -1774.7 
v 1586.25 266.611 -1774.03 
v 1586.74 266.611 -1774.73 
v 1587.5 266.611 -1775.12 
v 1586.14 266.611 -1773.18 
v 1584.16 264.124 -1770.84 
v 1586.44 266.611 -1772.38 
v 1583.41 264.124 -1772.87 
v 1587.9 266.611 -1771.59 
v 1589.98 264.125 -1769.34 
v 1588.73 266.611 -1771.79 
v 1587.87 264.125 -1768.84 
v 1587.87 264.125 -1768.84 
v 1587.9 266.611 -1771.59 
v 1585.77 264.125 -1769.38 
v 1587.07 266.611 -1771.81 
v 1586.44 266.611 -1772.38 
v 1584.16 264.124 -1770.84 
v 1587.07 266.611 -1771.81 
v 1585.77 264.125 -1769.38 
v 1583.41 264.124 -1772.87 
v 1586.14 266.611 -1773.18 
v 1583.69 264.124 -1775.03 
v 1586.25 266.611 -1774.03 
v 1588.73 266.611 -1771.79 
v 1591.62 264.125 -1770.77 
v 1589.37 266.611 -1772.35 
v 1589.98 264.125 -1769.34 
v 1586.74 266.611 -1774.73 
v 1584.94 264.124 -1776.8 
v 1586.25 266.611 -1774.03 
v 1583.69 264.124 -1775.03 
v 1592.41 264.125 -1772.79 
v 1589.68 266.611 -1773.15 
v 1591.62 264.125 -1770.77 
v 1589.37 266.611 -1772.35 
v 1589.68 266.611 -1773.15 
v 1592.17 264.125 -1774.95 
v 1589.59 266.611 -1774 
v 1592.41 264.125 -1772.79 
v 1587.5 266.611 -1775.12 
v 1584.94 264.124 -1776.8 
v 1586.74 266.611 -1774.73 
v 1586.87 264.124 -1777.79 
v 1589.59 266.611 -1774 
v 1590.95 264.125 -1776.74 
v 1589.11 266.611 -1774.7 
v 1592.17 264.125 -1774.95 
v 1588.36 266.611 -1775.11 
v 1586.87 264.124 -1777.79 
v 1587.5 266.611 -1775.12 
v 1589.04 264.125 -1777.77 
v 1589.11 266.611 -1774.7 
v 1590.95 264.125 -1776.74 
v 1588.36 266.611 -1775.11 
v 1589.04 264.125 -1777.77 
v 1588.73 266.611 -1771.79 
v 1589.11 266.611 -1774.7 
v 1564.36 234.588 -1770.74 
v 1564.36 226.278 -1770.74 
v 1565.83 234.588 -1781.99 
v 1564.36 229.875 -1770.74 
v 1564.36 234.588 -1770.74 
v 1565.83 229.875 -1781.99 
v 1565.83 229.875 -1781.99 
v 1565.83 226.278 -1781.99 
v 1564.36 229.875 -1770.74 
v 1564.36 226.278 -1770.74 
v 1572.36 234.588 -1791.27 
v 1565.83 229.875 -1781.99 
v 1565.83 234.588 -1781.99 
v 1572.36 229.876 -1791.27 
v 1572.37 226.279 -1791.27 
v 1565.83 226.278 -1781.99 
v 1582.46 234.589 -1796.45 
v 1572.36 229.876 -1791.27 
v 1572.36 234.588 -1791.27 
v 1582.46 229.876 -1796.45 
v 1582.46 226.279 -1796.45 
v 1572.37 226.279 -1791.27 
v 1593.81 234.59 -1796.34 
v 1582.46 229.876 -1796.45 
v 1582.46 234.589 -1796.45 
v 1593.81 229.878 -1796.34 
v 1603.8 234.592 -1790.97 
v 1593.81 229.878 -1796.34 
v 1593.81 226.281 -1796.34 
v 1582.46 229.876 -1796.45 
v 1582.46 226.279 -1796.45 
v 1584.16 264.124 -1770.84 
v 1590.95 264.125 -1776.74 
v 1564.36 234.588 -1770.74 
v 1583.41 264.124 -1772.87 
v 1565.83 234.588 -1781.99 
v 1583.69 264.124 -1775.03 
v 1565.83 234.588 -1781.99 
v 1583.69 264.124 -1775.03 
v 1572.36 234.588 -1791.27 
v 1584.94 264.124 -1776.8 
v 1586.87 264.124 -1777.79 
v 1572.36 234.588 -1791.27 
v 1584.94 264.124 -1776.8 
v 1582.46 234.589 -1796.45 
v 1589.04 264.125 -1777.77 
v 1582.46 234.589 -1796.45 
v 1586.87 264.124 -1777.79 
v 1593.81 234.59 -1796.34 
v 1609.42 226.283 -1770.56 
v 1605.65 229.88 -1760.89 
v 1609.42 229.88 -1770.56 
v 1605.65 226.283 -1760.89 
v 1605.65 229.88 -1760.89 
v 1605.65 226.283 -1760.89 
v 1597.82 229.879 -1754.08 
v 1597.82 226.282 -1754.08 
v 1597.82 226.282 -1754.08 
v 1587.71 229.878 -1751.69 
v 1597.82 229.879 -1754.08 
v 1587.71 226.281 -1751.69 
v 1588.73 266.611 -1771.79 
v 1589.11 266.611 -1774.7 
v 1568.28 226.279 -1760.09 
v 1564.36 226.278 -1770.74 
v 1611.42 229.88 -1770.3 
v 1611.42 234.593 -1770.3 
v 1572.36 234.588 -1791.27 
v 1611.42 226.283 -1770.3 
v 1611.42 234.593 -1770.3 
v 1610.16 229.88 -1781.58 
v 1610.16 234.592 -1781.58 
v 1611.42 229.88 -1770.3 
v 1611.42 226.283 -1770.3 
v 1610.16 229.88 -1781.58 
v 1611.42 229.88 -1770.3 
v 1610.16 226.283 -1781.58 
v 1593.81 234.59 -1796.34 
v 1593.81 229.878 -1796.34 
v 1610.16 234.592 -1781.58 
v 1603.8 229.879 -1790.97 
v 1603.8 234.592 -1790.97 
v 1610.16 229.88 -1781.58 
v 1610.16 229.88 -1781.58 
v 1610.16 226.283 -1781.58 
v 1603.8 229.879 -1790.97 
v 1603.8 226.282 -1790.97 
v 1593.81 226.281 -1796.34 
v 1603.8 234.592 -1790.97 
v 1593.81 229.878 -1796.34 
v 1593.81 234.59 -1796.34 
v 1603.8 229.879 -1790.97 
v 1603.8 229.879 -1790.97 
v 1603.8 226.282 -1790.97 
v 1593.81 229.878 -1796.34 
v 1593.81 226.281 -1796.34 
v 1584.94 264.124 -1776.8 
v 1590.95 264.125 -1776.74 
v 1592.41 264.125 -1772.79 
v 1610.16 234.592 -1781.58 
v 1592.17 264.125 -1774.95 
v 1611.42 234.593 -1770.3 
v 1592.17 264.125 -1774.95 
v 1603.8 234.592 -1790.97 
v 1590.95 264.125 -1776.74 
v 1610.16 234.592 -1781.58 
v 1593.81 234.59 -1796.34 
v 1589.04 264.125 -1777.77 
v 1603.8 234.592 -1790.97 
v 1590.95 264.125 -1776.74 
v 1566.36 229.875 -1770.97 
v 1569.95 229.876 -1761.23 
v 1569.95 226.279 -1761.23 
v 1566.36 229.875 -1770.97 
v 1566.36 226.279 -1770.97 
v 1577.66 229.877 -1754.27 
v 1577.66 226.28 -1754.27 
v 1569.95 229.876 -1761.23 
v 1569.95 226.279 -1761.23 
v 1587.71 229.878 -1751.69 
v 1587.71 226.281 -1751.69 
v 1577.66 229.877 -1754.27 
v 1577.66 226.28 -1754.27 
v 1576.7 229.877 -1752.49 
v 1568.28 229.876 -1760.1 
v 1568.28 226.279 -1760.09 
v 1587.7 226.281 -1749.67 
v 1598.74 229.879 -1752.28 
v 1607.3 229.88 -1759.73 
v 1607.3 226.283 -1759.73 
v 1565.83 229.875 -1781.99 
v 1565.83 226.278 -1781.99 
v 1611.42 229.88 -1770.3 
v 1572.36 229.876 -1791.27 
v 1611.42 226.283 -1770.3 
v 1610.16 229.88 -1781.58 
v 1593.81 229.878 -1796.34 
v 1603.8 229.879 -1790.97 
v 1603.8 226.282 -1790.97 
v 1593.81 226.281 -1796.34 
v 1572.37 226.279 -1791.27 
v 1582.93 226.28 -1794.48 
v 1573.69 226.279 -1789.75 
v 1582.46 226.279 -1796.45 
v 1567.71 226.278 -1781.26 
v 1565.83 226.278 -1781.99 
v 1582.46 226.279 -1796.45 
v 1593.81 226.281 -1796.34 
v 1593.31 226.281 -1794.39 
v 1582.93 226.28 -1794.48 
v 1593.81 226.281 -1796.34 
v 1603.8 226.282 -1790.97 
v 1602.45 226.282 -1789.48 
v 1593.31 226.281 -1794.39 
v 1610.16 226.283 -1781.58 
v 1602.45 226.282 -1789.48 
v 1603.8 226.282 -1790.97 
v 1608.27 226.283 -1780.88 
v 1611.42 226.283 -1770.3 
v 1609.42 226.283 -1770.56 
v 1609.42 226.283 -1770.56 
v 1607.3 226.283 -1759.73 
v 1605.65 226.283 -1760.89 
v 1611.42 226.283 -1770.3 
v 1607.3 226.283 -1759.73 
v 1598.74 226.282 -1752.28 
v 1597.82 226.282 -1754.08 
v 1605.65 226.283 -1760.89 
v 1598.74 226.282 -1752.28 
v 1587.7 226.281 -1749.67 
v 1587.71 226.281 -1751.69 
v 1597.82 226.282 -1754.08 
v 1577.66 226.28 -1754.27 
v 1576.7 226.28 -1752.49 
v 1577.66 226.28 -1754.27 
v 1568.28 226.279 -1760.09 
v 1569.95 226.279 -1761.23 
v 1576.7 226.28 -1752.49 
v 1564.36 226.278 -1770.74 
v 1569.95 226.279 -1761.23 
v 1568.28 226.279 -1760.09 
v 1566.36 226.279 -1770.97 
v 1565.83 226.278 -1781.99 
v 1566.36 226.279 -1770.97 
v 1564.36 226.278 -1770.74 
v 1567.71 226.278 -1781.26 
v 1577.66 229.877 -1754.27 
v 1573.69 229.876 -1789.75 
v 1608.27 229.88 -1780.88 
v 1569.95 229.876 -1761.23 
v 1566.36 229.875 -1770.97 
v 1567.71 229.875 -1781.26 
v 1582.93 229.877 -1794.48 
v 1593.31 229.878 -1794.39 
v 1602.45 229.879 -1789.48 
v 1597.82 229.879 -1754.08 
v 1587.71 229.878 -1751.69 
v 1605.65 229.88 -1760.89 
v 1609.42 229.88 -1770.56 
v 1588.73 266.611 -1771.79 
v 1589.11 266.611 -1774.7 
v 1576.7 234.59 -1752.49 
v 1587.69 234.591 -1749.67 
v 1587.7 226.281 -1749.67 
v 1587.69 234.591 -1749.67 
v 1598.74 229.879 -1752.28 
v 1598.74 234.592 -1752.28 
v 1587.69 229.878 -1749.67 
v 1587.69 229.878 -1749.67 
v 1587.7 226.281 -1749.67 
v 1598.74 229.879 -1752.28 
v 1598.74 226.282 -1752.28 
v 1564.36 226.278 -1770.74 
v 1598.74 234.592 -1752.28 
v 1607.3 229.88 -1759.73 
v 1607.3 234.593 -1759.73 
v 1598.74 229.879 -1752.28 
v 1598.74 226.282 -1752.28 
v 1607.3 226.283 -1759.73 
v 1565.83 226.278 -1781.99 
v 1607.3 234.593 -1759.73 
v 1611.42 229.88 -1770.3 
v 1611.42 234.593 -1770.3 
v 1607.3 229.88 -1759.73 
v 1572.36 229.876 -1791.27 
v 1607.3 229.88 -1759.73 
v 1607.3 226.283 -1759.73 
v 1611.42 229.88 -1770.3 
v 1611.42 226.283 -1770.3 
v 1582.46 226.279 -1796.45 
v 1610.16 234.592 -1781.58 
v 1593.81 226.281 -1796.34 
v 1584.16 264.124 -1770.84 
v 1589.98 264.125 -1769.34 
v 1590.95 264.125 -1776.74 
v 1587.87 264.125 -1768.84 
v 1598.74 234.592 -1752.28 
v 1589.98 264.125 -1769.34 
v 1587.69 234.591 -1749.67 
v 1589.98 264.125 -1769.34 
v 1598.74 234.592 -1752.28 
v 1591.62 264.125 -1770.77 
v 1607.3 234.593 -1759.73 
v 1611.42 234.593 -1770.3 
v 1592.41 264.125 -1772.79 
v 1607.3 234.593 -1759.73 
v 1591.62 264.125 -1770.77 
v 1567.71 226.278 -1781.26 
v 1566.36 229.875 -1770.97 
v 1582.93 229.877 -1794.48 
v 1582.93 229.877 -1794.48 
v 1582.93 226.28 -1794.48 
v 1593.31 229.878 -1794.39 
v 1593.31 226.281 -1794.39 
v 1573.69 226.279 -1789.75 
v 1582.93 229.877 -1794.48 
v 1573.69 229.876 -1789.75 
v 1582.93 226.28 -1794.48 
v 1567.71 226.278 -1781.26 
v 1573.69 229.876 -1789.75 
v 1567.71 229.875 -1781.26 
v 1573.69 226.279 -1789.75 
v 1566.36 229.875 -1770.97 
v 1566.36 226.279 -1770.97 
v 1567.71 229.875 -1781.26 
v 1567.71 226.278 -1781.26 

vn 0 1 0 
vn 0 1 0 
vn -0.251969 0 0.968504 
vn -0.251969 0 0.968504 
vn -0.251969 0 0.968504 
vn -0.251969 0 0.968504 
vn -0.669291 0 0.740157 
vn -0.669291 0 0.740157 
vn -0.669291 0 0.740157 
vn -0.669291 0 0.740157 
vn -0.669291 0 0.740157 
vn -0.669291 0 0.740157 
vn -0.669291 0 0.740157 
vn -0.669291 0 0.740157 
vn -0.251969 0 0.968504 
vn -0.251969 0 0.968504 
vn -0.251969 0 0.968504 
vn -0.251969 0 0.968504 
vn 0.228346 0 0.976378 
vn 0.228346 0 0.976378 
vn -0.937008 0 0.346457 
vn -0.937008 0 0.346457 
vn -0.937008 0 0.346457 
vn -0.937008 0 0.346457 
vn -0.937008 0 0.346457 
vn -0.937008 0 0.346457 
vn -0.937008 0 0.346457 
vn -0.937008 0 0.346457 
vn -0.992126 0 -0.133858 
vn -0.818898 0 -0.574803 
vn -0.637795 0.732283 0.23622 
vn 0.15748 0.732283 0.661417 
vn -0.559055 0.732283 -0.393701 
vn -0.795276 0.535433 0.291339 
vn -0.795276 0.535433 0.291339 
vn -0.795276 0.535433 0.291339 
vn -0.795276 0.535433 0.291339 
vn -0.212598 0.535433 0.818898 
vn -0.212598 0.535433 0.818898 
vn -0.212598 0.535433 0.818898 
vn -0.212598 0.535433 0.818898 
vn -0.566929 0.535433 0.629921 
vn -0.566929 0.535433 0.629921 
vn -0.566929 0.535433 0.629921 
vn -0.566929 0.535433 0.629921 
vn -0.472441 0 0.88189 
vn -0.472441 0 0.88189 
vn -0.472441 0 0.88189 
vn -0.472441 0 0.88189 
vn -0.826772 0 0.559055 
vn -0.826772 0 0.559055 
vn -0.826772 0 0.559055 
vn -0.826772 0 0.559055 
vn -0.992126 0 0.110236 
vn -0.992126 0 0.110236 
vn -0.992126 0 0.110236 
vn -0.992126 0 0.110236 
vn 0 1 0 
vn 0 1 0 
vn 0 1 0 
vn 0 1 0 
vn 0 1 0 
vn 0 1 0 
vn 0 1 0 
vn 0 1 0 
vn 0 1 0 
vn 0 1 0 
vn 0 1 0 
vn 0 1 0 
vn 0 1 0 
vn -0.637795 0.732283 0.23622 
vn -0.637795 0.732283 0.23622 
vn -0.637795 0.732283 0.23622 
vn -0.637795 0.732283 0.23622 
vn 0.15748 0.732283 0.661417 
vn 0.15748 0.732283 0.661417 
vn 0.15748 0.732283 0.661417 
vn 0.15748 0.732283 0.661417 
vn -0.165354 0.732283 0.661417 
vn -0.165354 0.732283 0.661417 
vn -0.165354 0.732283 0.661417 
vn -0.165354 0.732283 0.661417 
vn -0.456693 0.732283 0.503937 
vn -0.456693 0.732283 0.503937 
vn -0.456693 0.732283 0.503937 
vn -0.456693 0.732283 0.503937 
vn -0.677165 0.732283 -0.0866142 
vn -0.677165 0.732283 -0.0866142 
vn -0.677165 0.732283 -0.0866142 
vn -0.677165 0.732283 -0.0866142 
vn 0.448819 0.732283 0.511811 
vn 0.448819 0.732283 0.511811 
vn 0.448819 0.732283 0.511811 
vn 0.448819 0.732283 0.511811 
vn -0.559055 0.732283 -0.393701 
vn -0.559055 0.732283 -0.393701 
vn -0.559055 0.732283 -0.393701 
vn -0.559055 0.732283 -0.393701 
vn 0.637795 0.732283 0.244094 
vn 0.637795 0.732283 0.244094 
vn 0.637795 0.732283 0.244094 
vn 0.637795 0.732283 0.244094 
vn 0.677165 0.732283 -0.0787402 
vn 0.677165 0.732283 -0.0787402 
vn 0.677165 0.732283 -0.0787402 
vn 0.677165 0.732283 -0.0787402 
vn -0.314961 0.732283 -0.606299 
vn -0.314961 0.732283 -0.606299 
vn -0.314961 0.732283 -0.606299 
vn -0.314961 0.732283 -0.606299 
vn 0.566929 0.732283 -0.377953 
vn 0.566929 0.732283 -0.377953 
vn 0.566929 0.732283 -0.377953 
vn 0.566929 0.732283 -0.377953 
vn 0.00787402 0.732283 -0.685039 
vn 0.00787402 0.732283 -0.685039 
vn 0.00787402 0.732283 -0.685039 
vn 0.00787402 0.732283 -0.685039 
vn 0.322835 0.732283 -0.598425 
vn 0.322835 0.732283 -0.598425 
vn 0.322835 0.732283 -0.598425 
vn 0.322835 0.732283 -0.598425 
vn 0 1 0 
vn 0 1 0 
vn -0.937008 0 0.346457 
vn -0.937008 0 0.346457 
vn -0.992126 0 -0.133858 
vn -0.992126 0 -0.133858 
vn -0.992126 0 -0.133858 
vn -0.992126 0 -0.133858 
vn -0.992126 0 -0.133858 
vn -0.992126 0 -0.133858 
vn -0.992126 0 -0.133858 
vn -0.992126 0 -0.133858 
vn -0.818898 0 -0.574803 
vn -0.818898 0 -0.574803 
vn -0.818898 0 -0.574803 
vn -0.818898 0 -0.574803 
vn -0.818898 0 -0.574803 
vn -0.818898 0 -0.574803 
vn -0.456693 0 -0.889764 
vn -0.456693 0 -0.889764 
vn -0.456693 0 -0.889764 
vn -0.456693 0 -0.889764 
vn -0.456693 0 -0.889764 
vn -0.456693 0 -0.889764 
vn 0.00787402 0 -1 
vn 0.00787402 0 -1 
vn 0.00787402 0 -1 
vn 0.00787402 0 -1 
vn 0.826772 0 -0.559055 
vn 0.00787402 0 -1 
vn 0.00787402 0 -1 
vn 0.00787402 0 -1 
vn 0.00787402 0 -1 
vn -0.637795 0.732283 0.23622 
vn 0.566929 0.732283 -0.377953 
vn -0.84252 0.535433 -0.110236 
vn -0.84252 0.535433 -0.110236 
vn -0.84252 0.535433 -0.110236 
vn -0.84252 0.535433 -0.110236 
vn -0.692913 0.535433 -0.488189 
vn -0.692913 0.535433 -0.488189 
vn -0.692913 0.535433 -0.488189 
vn -0.692913 0.535433 -0.488189 
vn -0.385827 0.535433 -0.755906 
vn -0.385827 0.535433 -0.755906 
vn -0.385827 0.535433 -0.755906 
vn -0.385827 0.535433 -0.755906 
vn 0.00787402 0.535433 -0.84252 
vn 0.00787402 0.535433 -0.84252 
vn 0.00787402 0.535433 -0.84252 
vn 0.00787402 0.535433 -0.84252 
vn -0.929134 0 -0.362205 
vn -0.929134 0 -0.362205 
vn -0.929134 0 -0.362205 
vn -0.929134 0 -0.362205 
vn -0.653543 0 -0.755906 
vn -0.653543 0 -0.755906 
vn -0.653543 0 -0.755906 
vn -0.653543 0 -0.755906 
vn -0.228346 0 -0.976378 
vn -0.228346 0 -0.976378 
vn -0.228346 0 -0.976378 
vn -0.228346 0 -0.976378 
vn 0 1 0 
vn 0 1 0 
vn -0.669291 0 0.740157 
vn -0.937008 0 0.346457 
vn 0.929134 0 0.362205 
vn 0.929134 0 0.362205 
vn -0.818898 0 -0.574803 
vn 0.929134 0 0.362205 
vn 0.992126 0 -0.110236 
vn 0.992126 0 -0.110236 
vn 0.992126 0 -0.110236 
vn 0.992126 0 -0.110236 
vn 0.992126 0 -0.110236 
vn 0.992126 0 -0.110236 
vn 0.992126 0 -0.110236 
vn 0.992126 0 -0.110236 
vn 0.00787402 0 -1 
vn 0.00787402 0 -1 
vn 0.826772 0 -0.559055 
vn 0.826772 0 -0.559055 
vn 0.826772 0 -0.559055 
vn 0.826772 0 -0.559055 
vn 0.826772 0 -0.559055 
vn 0.826772 0 -0.559055 
vn 0.826772 0 -0.559055 
vn 0.826772 0 -0.559055 
vn 0.00787402 0 -1 
vn 0.472441 0 -0.88189 
vn 0.472441 0 -0.88189 
vn 0.472441 0 -0.88189 
vn 0.472441 0 -0.88189 
vn 0.472441 0 -0.88189 
vn 0.472441 0 -0.88189 
vn 0.472441 0 -0.88189 
vn 0.472441 0 -0.88189 
vn -0.559055 0.732283 -0.393701 
vn 0.566929 0.732283 -0.377953 
vn 0.84252 0.535433 -0.0944882 
vn 0.84252 0.535433 -0.0944882 
vn 0.84252 0.535433 -0.0944882 
vn 0.84252 0.535433 -0.0944882 
vn 0.700787 0.535433 -0.472441 
vn 0.700787 0.535433 -0.472441 
vn 0.700787 0.535433 -0.472441 
vn 0.700787 0.535433 -0.472441 
vn 0.401575 0.535433 -0.748031 
vn 0.401575 0.535433 -0.748031 
vn 0.401575 0.535433 -0.748031 
vn 0.401575 0.535433 -0.748031 
vn 0 -1 0 
vn 0.937008 0 -0.346457 
vn 0.937008 0 -0.346457 
vn 0.937008 0 -0.346457 
vn 0.937008 0 -0.346457 
vn 0.669291 0 -0.740157 
vn 0.669291 0 -0.740157 
vn 0.669291 0 -0.740157 
vn 0.669291 0 -0.740157 
vn 0.251969 0 -0.968504 
vn 0.251969 0 -0.968504 
vn 0.251969 0 -0.968504 
vn 0.251969 0 -0.968504 
vn -0.251969 0 0.968504 
vn -0.669291 0 0.740157 
vn -0.669291 0 0.740157 
vn -0.251969 0 0.968504 
vn 0.228346 0 0.976378 
vn 0.653543 0 0.755906 
vn 0.653543 0 0.755906 
vn -0.992126 0 -0.133858 
vn -0.992126 0 -0.133858 
vn 0.929134 0 0.362205 
vn -0.818898 0 -0.574803 
vn 0.929134 0 0.362205 
vn 0.992126 0 -0.110236 
vn 0.00787402 0 -1 
vn 0.826772 0 -0.559055 
vn 0.826772 0 -0.559055 
vn 0.00787402 0 -1 
vn 0 -1 0 
vn 0 -1 0 
vn 0 -1 0 
vn 0 -1 0 
vn 0 -1 0 
vn 0 -1 0 
vn 0 -1 0 
vn 0 -1 0 
vn 0 -1 0 
vn 0 -1 0 
vn 0 -1 0 
vn 0 -1 0 
vn 0 -1 0 
vn 0 -1 0 
vn 0 -1 0 
vn 0 -1 0 
vn 0 -1 0 
vn 0 -1 0 
vn 0 -1 0 
vn 0 -1 0 
vn 0 -1 0 
vn 0 -1 0 
vn 0 -1 0 
vn 0 -1 0 
vn 0 -1 0 
vn 0 -1 0 
vn 0 -1 0 
vn 0 -1 0 
vn 0 -1 0 
vn 0 -1 0 
vn 0 -1 0 
vn 0 -1 0 
vn 0 -1 0 
vn 0 -1 0 
vn 0 -1 0 
vn 0 -1 0 
vn 0 -1 0 
vn 0 -1 0 
vn 0 -1 0 
vn 0 -1 0 
vn 0 -1 0 
vn 0 -1 0 
vn 0 -1 0 
vn 0 -1 0 
vn 0 -1 0 
vn 0 -1 0 
vn 0 -1 0 
vn 0 -1 0 
vn 0 -1 0 
vn 0 -1 0 
vn 0 -1 0 
vn 0 -1 0 
vn 0 -1 0 
vn 0 -1 0 
vn 0 -1 0 
vn 0 -1 0 
vn 0 -1 0 
vn 0 -1 0 
vn 0 -1 0 
vn 0 1 0 
vn 0 1 0 
vn -0.251969 0 0.968504 
vn -0.251969 0 0.968504 
vn -0.251969 0 0.968504 
vn 0.228346 0 0.976378 
vn 0.228346 0 0.976378 
vn 0.228346 0 0.976378 
vn 0.228346 0 0.976378 
vn 0.228346 0 0.976378 
vn 0.228346 0 0.976378 
vn 0.228346 0 0.976378 
vn 0.228346 0 0.976378 
vn -0.937008 0 0.346457 
vn 0.653543 0 0.755906 
vn 0.653543 0 0.755906 
vn 0.653543 0 0.755906 
vn 0.653543 0 0.755906 
vn 0.653543 0 0.755906 
vn 0.653543 0 0.755906 
vn -0.992126 0 -0.133858 
vn 0.929134 0 0.362205 
vn 0.929134 0 0.362205 
vn 0.929134 0 0.362205 
vn 0.929134 0 0.362205 
vn -0.818898 0 -0.574803 
vn 0.929134 0 0.362205 
vn 0.929134 0 0.362205 
vn 0.929134 0 0.362205 
vn 0.929134 0 0.362205 
vn -0.456693 0 -0.889764 
vn 0.992126 0 -0.110236 
vn 0.00787402 0 -1 
vn -0.637795 0.732283 0.23622 
vn 0.15748 0.732283 0.661417 
vn 0.566929 0.732283 -0.377953 
vn 0.19685 0.535433 0.826772 
vn 0.19685 0.535433 0.826772 
vn 0.19685 0.535433 0.826772 
vn 0.19685 0.535433 0.826772 
vn 0.551181 0.535433 0.637795 
vn 0.551181 0.535433 0.637795 
vn 0.551181 0.535433 0.637795 
vn 0.551181 0.535433 0.637795 
vn 0.787402 0.535433 0.307087 
vn 0.787402 0.535433 0.307087 
vn 0.787402 0.535433 0.307087 
vn 0.787402 0.535433 0.307087 
vn 0 -1 0 
vn 0 -1 0 
vn 0 -1 0 
vn -0.00787402 0 1 
vn -0.00787402 0 1 
vn -0.00787402 0 1 
vn -0.00787402 0 1 
vn 0.456693 0 0.889764 
vn 0.456693 0 0.889764 
vn 0.456693 0 0.889764 
vn 0.456693 0 0.889764 
vn 0.818898 0 0.574803 
vn 0.818898 0 0.574803 
vn 0.818898 0 0.574803 
vn 0.818898 0 0.574803 
vn 0.992126 0 0.125984 
vn 0.992126 0 0.125984 
vn 0.992126 0 0.125984 
vn 0.992126 0 0.125984 

vt 59.2596 -9.47935 
vt 59.0162 -9.47935 
vt 60.0938 -13.4819 
vt 61.2611 -14.071 
vt 61.2611 -13.4819 
vt 60.0938 -14.071 
vt 58.6859 -13.4819 
vt 60.0938 -14.071 
vt 60.0938 -13.4819 
vt 58.6859 -14.071 
vt 58.6859 -14.071 
vt 58.6859 -14.5206 
vt 60.0938 -14.071 
vt 60.0938 -14.5206 
vt 60.0938 -14.5206 
vt 61.2611 -14.071 
vt 60.0938 -14.071 
vt 61.2611 -14.5206 
vt 61.9202 -14.071 
vt 61.9202 -13.4819 
vt 57.3597 -13.4819 
vt 58.6859 -14.071 
vt 58.6859 -13.4819 
vt 57.3597 -14.071 
vt 57.3597 -14.071 
vt 57.3597 -14.5206 
vt 58.6859 -14.071 
vt 58.6859 -14.5206 
vt 56.4192 -14.071 
vt 56.0798 -13.4819 
vt 58.9747 -9.79015 
vt 59.5933 -9.79015 
vt 58.4763 -9.79015 
vt 58.7211 -9.79015 
vt 58.6859 -13.4819 
vt 58.9747 -9.79015 
vt 57.3597 -13.4819 
vt 61.2611 -13.4819 
vt 59.4673 -9.79015 
vt 60.0938 -13.4819 
vt 59.244 -9.79015 
vt 58.9747 -9.79015 
vt 58.6859 -13.4819 
vt 59.244 -9.79015 
vt 60.0938 -13.4819 
vt 57.5031 -14.071 
vt 57.5031 -14.5206 
vt 58.7163 -14.071 
vt 58.7163 -14.5206 
vt 58.7163 -14.071 
vt 58.7163 -14.5206 
vt 60.0044 -14.071 
vt 60.0044 -14.5206 
vt 60.0044 -14.071 
vt 60.0044 -14.5206 
vt 61.0722 -14.071 
vt 61.0722 -14.5206 
vt 59.2086 -12.1222 
vt 58.8164 -11.9163 
vt 58.7914 -12.1222 
vt 58.7786 -12.0162 
vt 58.9466 -12.2596 
vt 58.8521 -12.21 
vt 59.0534 -12.2596 
vt 59.1479 -12.21 
vt 59.1836 -11.9163 
vt 59.2214 -12.0162 
vt 58.8963 -11.8455 
vt 59 -11.82 
vt 59.1037 -11.8455 
vt 58.8164 -11.9163 
vt 58.4374 -11.9747 
vt 58.7786 -12.0162 
vt 58.5336 -11.7211 
vt 58.8521 -12.21 
vt 58.8644 -12.5933 
vt 58.9466 -12.2596 
vt 58.6242 -12.4673 
vt 58.6242 -12.4673 
vt 58.8521 -12.21 
vt 58.4701 -12.244 
vt 58.7914 -12.1222 
vt 58.7786 -12.0162 
vt 58.4374 -11.9747 
vt 58.7914 -12.1222 
vt 58.4701 -12.244 
vt 58.5336 -11.7211 
vt 58.8164 -11.9163 
vt 58.7366 -11.5412 
vt 58.8963 -11.8455 
vt 58.9466 -12.2596 
vt 59.1356 -12.5933 
vt 59.0534 -12.2596 
vt 58.8644 -12.5933 
vt 59 -11.82 
vt 59 -11.4763 
vt 58.8963 -11.8455 
vt 58.7366 -11.5412 
vt 59.3758 -12.4673 
vt 59.1479 -12.21 
vt 59.1356 -12.5933 
vt 59.0534 -12.2596 
vt 59.1479 -12.21 
vt 59.5299 -12.244 
vt 59.2086 -12.1222 
vt 59.3758 -12.4673 
vt 59.1037 -11.8455 
vt 59 -11.4763 
vt 59 -11.82 
vt 59.2634 -11.5412 
vt 59.2086 -12.1222 
vt 59.5626 -11.9747 
vt 59.2214 -12.0162 
vt 59.5299 -12.244 
vt 59.1836 -11.9163 
vt 59.2634 -11.5412 
vt 59.1037 -11.8455 
vt 59.4664 -11.7211 
vt 59.2214 -12.0162 
vt 59.5626 -11.9747 
vt 59.1836 -11.9163 
vt 59.4664 -11.7211 
vt 59.0534 -9.47935 
vt 58.7786 -9.47935 
vt 61.4387 -13.4819 
vt 61.4387 -14.5206 
vt 60.3771 -13.4819 
vt 61.4387 -14.071 
vt 61.4387 -13.4819 
vt 60.3771 -14.071 
vt 60.3771 -14.071 
vt 60.3771 -14.5206 
vt 61.4387 -14.071 
vt 61.4387 -14.5206 
vt 59 -13.4819 
vt 60.3771 -14.071 
vt 60.3771 -13.4819 
vt 59 -14.071 
vt 59 -14.5206 
vt 60.3771 -14.5206 
vt 57.6229 -13.4819 
vt 59 -14.071 
vt 59 -13.4819 
vt 57.6229 -14.071 
vt 57.6229 -14.5206 
vt 59 -14.5206 
vt 56.5613 -13.4819 
vt 57.6229 -14.071 
vt 57.6229 -13.4819 
vt 56.5613 -14.071 
vt 56.0583 -13.4819 
vt 56.5613 -14.071 
vt 56.5613 -14.5206 
vt 57.6229 -14.071 
vt 57.6229 -14.5206 
vt 59.5626 -9.79015 
vt 58.4374 -9.79015 
vt 61.4387 -13.4819 
vt 59.4664 -9.79015 
vt 60.3771 -13.4819 
vt 59.2634 -9.79015 
vt 60.3771 -13.4819 
vt 59.2634 -9.79015 
vt 59 -13.4819 
vt 59 -9.79015 
vt 58.7366 -9.79015 
vt 59 -13.4819 
vt 59 -9.79015 
vt 57.6229 -13.4819 
vt 58.5336 -9.79015 
vt 57.6229 -13.4819 
vt 58.7366 -9.79015 
vt 56.5613 -13.4819 
vt 57.2023 -14.5206 
vt 58.3512 -14.071 
vt 57.2023 -14.071 
vt 58.3512 -14.5206 
vt 58.3512 -14.071 
vt 58.3512 -14.5206 
vt 59.6488 -14.071 
vt 59.6488 -14.5206 
vt 59.6488 -14.5206 
vt 60.7977 -14.071 
vt 59.6488 -14.071 
vt 60.7977 -14.5206 
vt 58.7404 -9.47935 
vt 58.9838 -9.47935 
vt 59.3141 -14.5206 
vt 60.6403 -14.5206 
vt 56.7389 -14.071 
vt 56.7389 -13.4819 
vt 61.9202 -13.4819 
vt 56.7389 -14.5206 
vt 56.7389 -13.4819 
vt 57.9062 -14.071 
vt 57.9062 -13.4819 
vt 56.7389 -14.071 
vt 56.7389 -14.5206 
vt 57.9062 -14.071 
vt 56.7389 -14.071 
vt 57.9062 -14.5206 
vt 60.6403 -13.4819 
vt 60.6403 -14.071 
vt 57.9062 -13.4819 
vt 59.3141 -14.071 
vt 59.3141 -13.4819 
vt 57.9062 -14.071 
vt 57.9062 -14.071 
vt 57.9062 -14.5206 
vt 59.3141 -14.071 
vt 59.3141 -14.5206 
vt 60.6403 -14.5206 
vt 59.3141 -13.4819 
vt 60.6403 -14.071 
vt 60.6403 -13.4819 
vt 59.3141 -14.071 
vt 59.3141 -14.071 
vt 59.3141 -14.5206 
vt 60.6403 -14.071 
vt 60.6403 -14.5206 
vt 59.5237 -9.79015 
vt 59.0253 -9.79015 
vt 58.5327 -9.79015 
vt 57.9062 -13.4819 
vt 58.756 -9.79015 
vt 56.7389 -13.4819 
vt 58.756 -9.79015 
vt 59.3141 -13.4819 
vt 59.0253 -9.79015 
vt 57.9062 -13.4819 
vt 60.6403 -13.4819 
vt 59.2789 -9.79015 
vt 59.3141 -13.4819 
vt 59.0253 -9.79015 
vt 60.4969 -14.071 
vt 59.2837 -14.071 
vt 59.2837 -14.5206 
vt 60.4969 -14.071 
vt 60.4969 -14.5206 
vt 57.9956 -14.071 
vt 57.9956 -14.5206 
vt 59.2837 -14.071 
vt 59.2837 -14.5206 
vt 56.9278 -14.071 
vt 56.9278 -14.5206 
vt 57.9956 -14.071 
vt 57.9956 -14.5206 
vt 61.7707 -13.0939 
vt 61.9417 -11.6859 
vt 61.9417 -11.6859 
vt 60.965 -14.2611 
vt 59.7092 -14.9202 
vt 58.2908 -14.9202 
vt 58.2908 -14.9202 
vt 60.3771 -9.41919 
vt 60.3771 -9.41919 
vt 57.035 -14.2611 
vt 59 -9.07977 
vt 57.035 -14.2611 
vt 56.2293 -13.0939 
vt 56.5613 -10.3597 
vt 56.0583 -11.6859 
vt 56.0583 -11.6859 
vt 56.5613 -10.3597 
vt 59 -9.07977 
vt 57.7402 -9.64262 
vt 59 -9.33209 
vt 57.6229 -9.41919 
vt 60.2598 -9.64262 
vt 60.3771 -9.41919 
vt 57.6229 -9.41919 
vt 56.5613 -10.3597 
vt 56.7689 -10.5031 
vt 57.7402 -9.64262 
vt 56.5613 -10.3597 
vt 56.0583 -11.6859 
vt 56.3088 -11.7163 
vt 56.7689 -10.5031 
vt 56.2293 -13.0939 
vt 56.3088 -11.7163 
vt 56.0583 -11.6859 
vt 56.4652 -13.0044 
vt 57.035 -14.2611 
vt 57.2023 -14.0722 
vt 57.2023 -14.0722 
vt 58.2908 -14.9202 
vt 58.3512 -14.6752 
vt 57.035 -14.2611 
vt 58.2908 -14.9202 
vt 59.7092 -14.9202 
vt 59.6488 -14.6752 
vt 58.3512 -14.6752 
vt 59.7092 -14.9202 
vt 60.965 -14.2611 
vt 60.7977 -14.0722 
vt 59.6488 -14.6752 
vt 61.5348 -13.0044 
vt 61.7707 -13.0939 
vt 61.5348 -13.0044 
vt 61.9417 -11.6859 
vt 61.6912 -11.7163 
vt 61.7707 -13.0939 
vt 61.4387 -10.3597 
vt 61.6912 -11.7163 
vt 61.9417 -11.6859 
vt 61.2311 -10.5031 
vt 60.3771 -9.41919 
vt 61.2311 -10.5031 
vt 61.4387 -10.3597 
vt 60.2598 -9.64262 
vt 61.5348 -13.0044 
vt 59 -9.33209 
vt 56.4652 -13.0044 
vt 61.6912 -11.7163 
vt 61.2311 -10.5031 
vt 60.2598 -9.64262 
vt 57.7402 -9.64262 
vt 56.7689 -10.5031 
vt 56.3088 -11.7163 
vt 59.6488 -14.6752 
vt 60.7977 -14.0722 
vt 58.3512 -14.6752 
vt 57.2023 -14.0722 
vt 58.9466 -9.47935 
vt 59.2214 -9.47935 
vt 56.2293 -13.4819 
vt 57.035 -13.4819 
vt 57.035 -14.5206 
vt 57.035 -13.4819 
vt 58.2908 -14.071 
vt 58.2908 -13.4819 
vt 57.035 -14.071 
vt 57.035 -14.071 
vt 57.035 -14.5206 
vt 58.2908 -14.071 
vt 58.2908 -14.5206 
vt 56.5613 -14.5206 
vt 58.2908 -13.4819 
vt 59.7092 -14.071 
vt 59.7092 -13.4819 
vt 58.2908 -14.071 
vt 58.2908 -14.5206 
vt 59.7092 -14.5206 
vt 57.6229 -14.5206 
vt 59.7092 -13.4819 
vt 60.965 -14.071 
vt 60.965 -13.4819 
vt 59.7092 -14.071 
vt 59 -14.071 
vt 59.7092 -14.071 
vt 59.7092 -14.5206 
vt 60.965 -14.071 
vt 60.965 -14.5206 
vt 60.3771 -14.5206 
vt 61.7707 -13.4819 
vt 61.4387 -14.5206 
vt 58.4374 -9.79015 
vt 58.8644 -9.79015 
vt 59.5626 -9.79015 
vt 58.6242 -9.79015 
vt 58.2908 -13.4819 
vt 58.8644 -9.79015 
vt 57.035 -13.4819 
vt 58.8644 -9.79015 
vt 58.2908 -13.4819 
vt 59.1356 -9.79015 
vt 59.7092 -13.4819 
vt 60.965 -13.4819 
vt 59.3758 -9.79015 
vt 59.7092 -13.4819 
vt 59.1356 -9.79015 
vt 57.7402 -14.5206 
vt 56.7689 -14.071 
vt 60.2598 -14.071 
vt 60.2598 -14.071 
vt 60.2598 -14.5206 
vt 61.2311 -14.071 
vt 61.2311 -14.5206 
vt 59 -14.5206 
vt 60.2598 -14.071 
vt 59 -14.071 
vt 60.2598 -14.5206 
vt 57.7402 -14.5206 
vt 59 -14.071 
vt 57.7402 -14.071 
vt 59 -14.5206 
vt 56.7689 -14.071 
vt 56.7689 -14.5206 
vt 57.7402 -14.071 
vt 57.7402 -14.5206 

usemtl Cylinder0011Mtl

f 662/662/662 663/663/663 664/664/664 
f 663/663/663 662/662/662 665/665/665 
f 666/666/666 667/667/667 668/668/668 
f 667/667/667 666/666/666 669/669/669 
f 670/670/670 671/671/671 672/672/672 
f 672/672/672 671/671/671 673/673/673 
f 674/674/674 675/675/675 676/676/676 
f 675/675/675 674/674/674 677/677/677 
f 680/680/680 681/681/681 682/682/682 
f 681/681/681 680/680/680 683/683/683 
f 684/684/684 685/685/685 686/686/686 
f 686/686/686 685/685/685 687/687/687 
f 693/693/693 694/694/694 695/695/695 
f 694/694/694 693/693/693 696/696/696 
f 697/697/697 698/698/698 699/699/699 
f 700/700/700 699/699/699 698/698/698 
f 701/701/701 702/702/702 703/703/703 
f 702/702/702 704/704/704 703/703/703 
f 705/705/705 706/706/706 707/707/707 
f 707/707/707 706/706/706 708/708/708 
f 709/709/709 710/710/710 711/711/711 
f 711/711/711 710/710/710 712/712/712 
f 713/713/713 714/714/714 715/715/715 
f 715/715/715 714/714/714 716/716/716 
f 717/717/717 718/718/718 719/719/719 
f 719/719/719 718/718/718 720/720/720 
f 719/719/719 721/721/721 717/717/717 
f 721/721/721 719/719/719 722/722/722 
f 717/717/717 721/721/721 723/723/723 
f 717/717/717 723/723/723 724/724/724 
f 725/725/725 718/718/718 717/717/717 
f 725/725/725 717/717/717 726/726/726 
f 725/725/725 727/727/727 718/718/718 
f 725/725/725 728/728/728 727/727/727 
f 728/728/728 725/725/725 729/729/729 
f 730/730/730 731/731/731 732/732/732 
f 731/731/731 730/730/730 733/733/733 
f 734/734/734 735/735/735 736/736/736 
f 735/735/735 734/734/734 737/737/737 
f 738/738/738 739/739/739 740/740/740 
f 741/741/741 740/740/740 739/739/739 
f 742/742/742 743/743/743 744/744/744 
f 743/743/743 745/745/745 744/744/744 
f 746/746/746 747/747/747 748/748/748 
f 749/749/749 748/748/748 747/747/747 
f 750/750/750 751/751/751 752/752/752 
f 751/751/751 750/750/750 753/753/753 
f 754/754/754 755/755/755 756/756/756 
f 755/755/755 757/757/757 756/756/756 
f 758/758/758 759/759/759 760/760/760 
f 761/761/761 760/760/760 759/759/759 
f 762/762/762 763/763/763 764/764/764 
f 763/763/763 762/762/762 765/765/765 
f 766/766/766 767/767/767 768/768/768 
f 767/767/767 766/766/766 769/769/769 
f 770/770/770 771/771/771 772/772/772 
f 771/771/771 770/770/770 773/773/773 
f 774/774/774 775/775/775 776/776/776 
f 775/775/775 774/774/774 777/777/777 
f 778/778/778 779/779/779 780/780/780 
f 779/779/779 781/781/781 780/780/780 
f 786/786/786 787/787/787 788/788/788 
f 787/787/787 786/786/786 789/789/789 
f 790/790/790 791/791/791 792/792/792 
f 792/792/792 791/791/791 793/793/793 
f 794/794/794 795/795/795 796/796/796 
f 795/795/795 794/794/794 797/797/797 
f 797/797/797 798/798/798 795/795/795 
f 795/795/795 798/798/798 799/799/799 
f 800/800/800 801/801/801 802/802/802 
f 801/801/801 800/800/800 803/803/803 
f 803/803/803 804/804/804 801/801/801 
f 801/801/801 804/804/804 805/805/805 
f 806/806/806 807/807/807 808/808/808 
f 807/807/807 806/806/806 809/809/809 
f 811/811/811 812/812/812 813/813/813 
f 813/813/813 812/812/812 814/814/814 
f 817/817/817 818/818/818 819/819/819 
f 820/820/820 819/819/819 818/818/818 
f 821/821/821 822/822/822 823/823/823 
f 824/824/824 823/823/823 822/822/822 
f 825/825/825 826/826/826 827/827/827 
f 826/826/826 825/825/825 828/828/828 
f 829/829/829 830/830/830 831/831/831 
f 830/830/830 829/829/829 832/832/832 
f 833/833/833 834/834/834 835/835/835 
f 834/834/834 833/833/833 836/836/836 
f 837/837/837 838/838/838 839/839/839 
f 839/839/839 838/838/838 840/840/840 
f 841/841/841 842/842/842 843/843/843 
f 842/842/842 841/841/841 844/844/844 
f 853/853/853 854/854/854 855/855/855 
f 854/854/854 853/853/853 856/856/856 
f 857/857/857 858/858/858 859/859/859 
f 858/858/858 857/857/857 860/860/860 
f 863/863/863 864/864/864 865/865/865 
f 864/864/864 863/863/863 866/866/866 
f 867/867/867 868/868/868 869/869/869 
f 869/869/869 868/868/868 870/870/870 
f 872/872/872 873/873/873 874/874/874 
f 873/873/873 872/872/872 875/875/875 
f 876/876/876 877/877/877 878/878/878 
f 878/878/878 877/877/877 879/879/879 
f 882/882/882 883/883/883 884/884/884 
f 883/883/883 882/882/882 885/885/885 
f 886/886/886 887/887/887 888/888/888 
f 887/887/887 886/886/886 889/889/889 
f 890/890/890 891/891/891 892/892/892 
f 893/893/893 892/892/892 891/891/891 
f 895/895/895 896/896/896 897/897/897 
f 897/897/897 896/896/896 898/898/898 
f 899/899/899 900/900/900 901/901/901 
f 901/901/901 900/900/900 902/902/902 
f 903/903/903 904/904/904 905/905/905 
f 905/905/905 904/904/904 906/906/906 
f 924/924/924 925/925/925 926/926/926 
f 925/925/925 924/924/924 927/927/927 
f 928/928/928 924/924/924 926/926/926 
f 924/924/924 928/928/928 929/929/929 
f 930/930/930 931/931/931 932/932/932 
f 930/930/930 932/932/932 933/933/933 
f 934/934/934 935/935/935 936/936/936 
f 934/934/934 936/936/936 937/937/937 
f 938/938/938 939/939/939 940/940/940 
f 939/939/939 938/938/938 941/941/941 
f 942/942/942 941/941/941 938/938/938 
f 941/941/941 942/942/942 943/943/943 
f 944/944/944 945/945/945 946/946/946 
f 945/945/945 944/944/944 947/947/947 
f 948/948/948 949/949/949 950/950/950 
f 948/948/948 950/950/950 951/951/951 
f 952/952/952 953/953/953 954/954/954 
f 954/954/954 955/955/955 952/952/952 
f 956/956/956 954/954/954 953/953/953 
f 956/956/956 953/953/953 957/957/957 
f 958/958/958 959/959/959 960/960/960 
f 959/959/959 958/958/958 961/961/961 
f 962/962/962 963/963/963 964/964/964 
f 963/963/963 962/962/962 965/965/965 
f 966/966/966 967/967/967 968/968/968 
f 967/967/967 966/966/966 969/969/969 
f 970/970/970 971/971/971 972/972/972 
f 971/971/971 970/970/970 973/973/973 
f 971/971/971 973/973/973 974/974/974 
f 971/971/971 974/974/974 975/975/975 
f 976/976/976 972/972/972 971/971/971 
f 972/972/972 976/976/976 977/977/977 
f 972/972/972 977/977/977 978/978/978 
f 970/970/970 972/972/972 979/979/979 
f 970/970/970 979/979/979 980/980/980 
f 979/979/979 972/972/972 981/981/981 
f 981/981/981 972/972/972 982/982/982 
f 988/988/988 989/989/989 990/990/990 
f 989/989/989 988/988/988 991/991/991 
f 992/992/992 993/993/993 994/994/994 
f 994/994/994 993/993/993 995/995/995 
f 997/997/997 998/998/998 999/999/999 
f 998/998/998 997/997/997 1000/1000/1000 
f 1000/1000/1000 1001/1001/1001 998/998/998 
f 998/998/998 1001/1001/1001 1002/1002/1002 
f 1004/1004/1004 1005/1005/1005 1006/1006/1006 
f 1005/1005/1005 1004/1004/1004 1007/1007/1007 
f 1009/1009/1009 1010/1010/1010 1011/1011/1011 
f 1011/1011/1011 1010/1010/1010 1012/1012/1012 
f 1019/1019/1019 1020/1020/1020 1021/1021/1021 
f 1020/1020/1020 1019/1019/1019 1022/1022/1022 
f 1023/1023/1023 1024/1024/1024 1025/1025/1025 
f 1024/1024/1024 1026/1026/1026 1025/1025/1025 
f 1027/1027/1027 1028/1028/1028 1029/1029/1029 
f 1030/1030/1030 1029/1029/1029 1028/1028/1028 
f 1034/1034/1034 1035/1035/1035 1036/1036/1036 
f 1036/1036/1036 1035/1035/1035 1037/1037/1037 
f 1038/1038/1038 1039/1039/1039 1040/1040/1040 
f 1039/1039/1039 1038/1038/1038 1041/1041/1041 
f 1042/1042/1042 1043/1043/1043 1044/1044/1044 
f 1043/1043/1043 1042/1042/1042 1045/1045/1045 
f 1046/1046/1046 1047/1047/1047 1048/1048/1048 
f 1048/1048/1048 1047/1047/1047 1049/1049/1049 

g Cylinder0021

v 1578.42 194.226 -1755.81 
v 1587.69 190.883 -1753.43 
v 1587.69 194.227 -1753.43 
v 1578.42 190.882 -1755.81 
v 1571.32 194.225 -1762.22 
v 1578.42 190.882 -1755.81 
v 1578.42 194.226 -1755.81 
v 1571.32 190.881 -1762.22 
v 1568.01 194.224 -1771.2 
v 1571.32 190.881 -1762.22 
v 1571.32 194.225 -1762.22 
v 1568.01 190.881 -1771.2 
v 1606.64 194.228 -1780.34 
v 1574.76 194.224 -1788.51 
v 1578.42 194.226 -1755.81 
v 1604.23 194.228 -1761.91 
v 1607.7 194.228 -1770.83 
v 1597.01 194.228 -1755.63 
v 1587.69 194.227 -1753.43 
v 1601.28 194.227 -1788.26 
v 1571.32 194.225 -1762.22 
v 1592.85 194.226 -1792.79 
v 1583.28 194.225 -1792.88 
v 1568.01 194.224 -1771.2 
v 1569.26 194.224 -1780.69 
v 1569.26 194.224 -1780.69 
v 1568.01 190.881 -1771.2 
v 1568.01 194.224 -1771.2 
v 1569.26 190.88 -1780.69 
v 1574.76 194.224 -1788.51 
v 1569.26 190.88 -1780.69 
v 1569.26 194.224 -1780.69 
v 1574.77 190.881 -1788.51 
v 1592.85 194.226 -1792.79 
v 1583.28 190.882 -1792.88 
v 1583.28 194.225 -1792.88 
v 1592.85 190.883 -1792.79 
v 1583.28 194.225 -1792.88 
v 1574.77 190.881 -1788.51 
v 1574.76 194.224 -1788.51 
v 1583.28 190.882 -1792.88 
v 1607.7 194.228 -1770.83 
v 1606.64 190.884 -1780.34 
v 1606.64 194.228 -1780.34 
v 1607.7 190.885 -1770.83 
v 1606.64 194.228 -1780.34 
v 1601.28 190.884 -1788.26 
v 1601.28 194.227 -1788.26 
v 1606.64 190.884 -1780.34 
v 1601.28 194.227 -1788.26 
v 1592.85 190.883 -1792.79 
v 1592.85 194.226 -1792.79 
v 1601.28 190.884 -1788.26 
v 1578.42 190.882 -1755.81 
v 1574.77 190.881 -1788.51 
v 1606.64 190.884 -1780.34 
v 1604.23 190.885 -1761.91 
v 1607.7 190.885 -1770.83 
v 1597.01 190.884 -1755.63 
v 1587.69 190.883 -1753.43 
v 1601.28 190.884 -1788.26 
v 1571.32 190.881 -1762.22 
v 1592.85 190.883 -1792.79 
v 1583.28 190.882 -1792.88 
v 1568.01 190.881 -1771.2 
v 1569.26 190.88 -1780.69 
v 1587.69 194.227 -1753.43 
v 1597.01 190.884 -1755.63 
v 1597.01 194.228 -1755.63 
v 1587.69 190.883 -1753.43 
v 1597.01 194.228 -1755.63 
v 1604.23 190.885 -1761.91 
v 1604.23 194.228 -1761.91 
v 1597.01 190.884 -1755.63 
v 1604.23 194.228 -1761.91 
v 1607.7 190.885 -1770.83 
v 1607.7 194.228 -1770.83 
v 1604.23 190.885 -1761.91 

vn -0.251969 0 0.968504 
vn -0.251969 0 0.968504 
vn -0.251969 0 0.968504 
vn -0.251969 0 0.968504 
vn -0.669291 0 0.740157 
vn -0.669291 0 0.740157 
vn -0.669291 0 0.740157 
vn -0.669291 0 0.740157 
vn -0.937008 0 0.346457 
vn -0.937008 0 0.346457 
vn -0.937008 0 0.346457 
vn -0.937008 0 0.346457 
vn 0 1 0 
vn 0 1 0 
vn 0 1 0 
vn 0 1 0 
vn 0 1 0 
vn 0 1 0 
vn 0 1 0 
vn 0 1 0 
vn 0 1 0 
vn 0 1 0 
vn 0 1 0 
vn 0 1 0 
vn 0 1 0 
vn -0.992126 0 -0.133858 
vn -0.992126 0 -0.133858 
vn -0.992126 0 -0.133858 
vn -0.992126 0 -0.133858 
vn -0.818898 0 -0.574803 
vn -0.818898 0 -0.574803 
vn -0.818898 0 -0.574803 
vn -0.818898 0 -0.574803 
vn 0.00787402 0 -1 
vn 0.00787402 0 -1 
vn 0.00787402 0 -1 
vn 0.00787402 0 -1 
vn -0.456693 0 -0.889764 
vn -0.456693 0 -0.889764 
vn -0.456693 0 -0.889764 
vn -0.456693 0 -0.889764 
vn 0.992126 0 -0.110236 
vn 0.992126 0 -0.110236 
vn 0.992126 0 -0.110236 
vn 0.992126 0 -0.110236 
vn 0.826772 0 -0.559055 
vn 0.826772 0 -0.559055 
vn 0.826772 0 -0.559055 
vn 0.826772 0 -0.559055 
vn 0.472441 0 -0.88189 
vn 0.472441 0 -0.88189 
vn 0.472441 0 -0.88189 
vn 0.472441 0 -0.88189 
vn 0 -1 0 
vn 0 -1 0 
vn 0 -1 0 
vn 0 -1 0 
vn 0 -1 0 
vn 0 -1 0 
vn 0 -1 0 
vn 0 -1 0 
vn 0 -1 0 
vn 0 -1 0 
vn 0 -1 0 
vn 0 -1 0 
vn 0 -1 0 
vn 0.228346 0 0.976378 
vn 0.228346 0 0.976378 
vn 0.228346 0 0.976378 
vn 0.228346 0 0.976378 
vn 0.653543 0 0.755906 
vn 0.653543 0 0.755906 
vn 0.653543 0 0.755906 
vn 0.653543 0 0.755906 
vn 0.929134 0 0.362205 
vn 0.929134 0 0.362205 
vn 0.929134 0 0.362205 
vn 0.929134 0 0.362205 

vt 0.915613 1.20741 
vt 1.89267 0.792589 
vt 1.89267 1.20741 
vt 0.915614 0.792589 
vt -0.262945 1.20741 
vt 0.915614 0.792589 
vt 0.915613 1.20741 
vt -0.262945 0.792589 
vt -1.37301 1.20741 
vt -0.262945 0.792589 
vt -0.262945 1.20741 
vt -1.37301 0.792589 
vt 2.31925 0.0843865 
vt -2.54005e-17 3.4444 
vt -2.31925 0.0843865 
vt 0.593608 -1.4444 
vt 1.64483 -0.892672 
vt -0.593608 -1.4444 
vt -1.64483 -0.892672 
vt 2.46235 1.26295 
vt -2.46235 1.26295 
vt 2.04136 2.37301 
vt 1.15272 3.16028 
vt -2.04136 2.37301 
vt -1.15272 3.16028 
vt 1.15272 1.20741 
vt 2.04136 0.792589 
vt 2.04136 1.20741 
vt 1.15272 0.792589 
vt 2.54005e-17 1.20741 
vt 1.15272 0.792589 
vt 1.15272 1.20741 
vt -2.54006e-17 0.792588 
vt -2.04136 1.20741 
vt -1.15272 0.792589 
vt -1.15272 1.20741 
vt -2.04136 0.792589 
vt -1.15272 1.20741 
vt -2.54006e-17 0.792588 
vt 2.54005e-17 1.20741 
vt -1.15272 0.792589 
vt -1.89267 1.20741 
vt -0.915614 0.792589 
vt -0.915613 1.20741 
vt -1.89267 0.792589 
vt -0.915613 1.20741 
vt 0.262945 0.792589 
vt 0.262945 1.20741 
vt -0.915614 0.792589 
vt 0.262945 1.20741 
vt 1.37301 0.792589 
vt 1.37301 1.20741 
vt 0.262945 0.792589 
vt 2.31925 0.0843865 
vt -2.54006e-17 3.4444 
vt -2.31925 0.0843865 
vt -0.593608 -1.4444 
vt -1.64483 -0.892672 
vt 0.593608 -1.4444 
vt 1.64483 -0.892672 
vt -2.46235 1.26295 
vt 2.46235 1.26295 
vt -2.04136 2.37301 
vt -1.15272 3.16028 
vt 2.04136 2.37301 
vt 1.15272 3.16028 
vt -1.64483 1.20741 
vt -0.593608 0.792589 
vt -0.593608 1.20741 
vt -1.64483 0.792589 
vt -0.593608 1.20741 
vt 0.593608 0.792589 
vt 0.593608 1.20741 
vt -0.593608 0.792589 
vt 0.593608 1.20741 
vt 1.64483 0.792589 
vt 1.64483 1.20741 
vt 0.593608 0.792589 

usemtl Cylinder0021Mtl

f 1050/1050/1050 1051/1051/1051 1052/1052/1052 
f 1051/1051/1051 1050/1050/1050 1053/1053/1053 
f 1054/1054/1054 1055/1055/1055 1056/1056/1056 
f 1055/1055/1055 1054/1054/1054 1057/1057/1057 
f 1058/1058/1058 1059/1059/1059 1060/1060/1060 
f 1059/1059/1059 1058/1058/1058 1061/1061/1061 
f 1062/1062/1062 1063/1063/1063 1064/1064/1064 
f 1062/1062/1062 1065/1065/1065 1066/1066/1066 
f 1062/1062/1062 1067/1067/1067 1065/1065/1065 
f 1064/1064/1064 1067/1067/1067 1062/1062/1062 
f 1067/1067/1067 1064/1064/1064 1068/1068/1068 
f 1069/1069/1069 1063/1063/1063 1062/1062/1062 
f 1063/1063/1063 1070/1070/1070 1064/1064/1064 
f 1071/1071/1071 1063/1063/1063 1069/1069/1069 
f 1063/1063/1063 1071/1071/1071 1072/1072/1072 
f 1070/1070/1070 1063/1063/1063 1073/1073/1073 
f 1073/1073/1073 1063/1063/1063 1074/1074/1074 
f 1075/1075/1075 1076/1076/1076 1077/1077/1077 
f 1076/1076/1076 1075/1075/1075 1078/1078/1078 
f 1079/1079/1079 1080/1080/1080 1081/1081/1081 
f 1080/1080/1080 1079/1079/1079 1082/1082/1082 
f 1083/1083/1083 1084/1084/1084 1085/1085/1085 
f 1084/1084/1084 1083/1083/1083 1086/1086/1086 
f 1087/1087/1087 1088/1088/1088 1089/1089/1089 
f 1088/1088/1088 1087/1087/1087 1090/1090/1090 
f 1091/1091/1091 1092/1092/1092 1093/1093/1093 
f 1092/1092/1092 1091/1091/1091 1094/1094/1094 
f 1095/1095/1095 1096/1096/1096 1097/1097/1097 
f 1096/1096/1096 1095/1095/1095 1098/1098/1098 
f 1099/1099/1099 1100/1100/1100 1101/1101/1101 
f 1100/1100/1100 1099/1099/1099 1102/1102/1102 
f 1103/1103/1103 1104/1104/1104 1105/1105/1105 
f 1106/1106/1106 1105/1105/1105 1107/1107/1107 
f 1108/1108/1108 1105/1105/1105 1106/1106/1106 
f 1108/1108/1108 1103/1103/1103 1105/1105/1105 
f 1103/1103/1103 1108/1108/1108 1109/1109/1109 
f 1105/1105/1105 1104/1104/1104 1110/1110/1110 
f 1104/1104/1104 1103/1103/1103 1111/1111/1111 
f 1110/1110/1110 1104/1104/1104 1112/1112/1112 
f 1112/1112/1112 1104/1104/1104 1113/1113/1113 
f 1104/1104/1104 1111/1111/1111 1114/1114/1114 
f 1104/1104/1104 1114/1114/1114 1115/1115/1115 
f 1116/1116/1116 1117/1117/1117 1118/1118/1118 
f 1117/1117/1117 1116/1116/1116 1119/1119/1119 
f 1120/1120/1120 1121/1121/1121 1122/1122/1122 
f 1121/1121/1121 1120/1120/1120 1123/1123/1123 
f 1124/1124/1124 1125/1125/1125 1126/1126/1126 
f 1125/1125/1125 1124/1124/1124 1127/1127/1127 

g Cylinder0041

v 1577.36 162.855 -1753.81 
v 1587.68 159.134 -1751.16 
v 1587.68 162.857 -1751.16 
v 1577.36 159.133 -1753.81 
v 1569.45 162.854 -1760.95 
v 1577.36 159.133 -1753.81 
v 1577.36 162.855 -1753.81 
v 1569.45 159.132 -1760.95 
v 1565.76 162.854 -1770.95 
v 1569.45 159.132 -1760.95 
v 1569.45 162.854 -1760.95 
v 1565.76 159.131 -1770.95 
v 1608.77 162.858 -1781.12 
v 1573.28 162.854 -1790.22 
v 1577.36 162.855 -1753.81 
v 1606.08 162.858 -1760.61 
v 1609.96 162.858 -1770.53 
v 1598.04 162.858 -1753.62 
v 1587.68 162.857 -1751.16 
v 1602.8 162.857 -1789.94 
v 1569.45 162.854 -1760.95 
v 1593.41 162.856 -1794.98 
v 1582.76 162.855 -1795.08 
v 1565.76 162.854 -1770.95 
v 1567.15 162.854 -1781.51 
v 1567.15 162.854 -1781.51 
v 1565.76 159.131 -1770.95 
v 1565.76 162.854 -1770.95 
v 1567.15 159.131 -1781.51 
v 1573.28 162.854 -1790.22 
v 1567.15 159.131 -1781.51 
v 1567.15 162.854 -1781.51 
v 1573.28 159.131 -1790.22 
v 1593.41 162.856 -1794.98 
v 1582.76 159.132 -1795.08 
v 1582.76 162.855 -1795.08 
v 1593.41 159.133 -1794.98 
v 1582.76 162.855 -1795.08 
v 1573.28 159.131 -1790.22 
v 1573.28 162.854 -1790.22 
v 1582.76 159.132 -1795.08 
v 1609.96 162.858 -1770.53 
v 1608.77 159.135 -1781.12 
v 1608.77 162.858 -1781.12 
v 1609.96 159.136 -1770.53 
v 1608.77 162.858 -1781.12 
v 1602.8 159.134 -1789.94 
v 1602.8 162.857 -1789.94 
v 1608.77 159.135 -1781.12 
v 1602.8 162.857 -1789.94 
v 1593.41 159.133 -1794.98 
v 1593.41 162.856 -1794.98 
v 1602.8 159.134 -1789.94 
v 1577.36 159.133 -1753.81 
v 1573.28 159.131 -1790.22 
v 1608.77 159.135 -1781.12 
v 1606.08 159.136 -1760.61 
v 1609.96 159.136 -1770.53 
v 1598.04 159.135 -1753.62 
v 1587.68 159.134 -1751.16 
v 1602.8 159.134 -1789.94 
v 1569.45 159.132 -1760.95 
v 1593.41 159.133 -1794.98 
v 1582.76 159.132 -1795.08 
v 1565.76 159.131 -1770.95 
v 1567.15 159.131 -1781.51 
v 1587.68 162.857 -1751.16 
v 1598.04 159.135 -1753.62 
v 1598.04 162.858 -1753.62 
v 1587.68 159.134 -1751.16 
v 1598.04 162.858 -1753.62 
v 1606.08 159.136 -1760.61 
v 1606.08 162.858 -1760.61 
v 1598.04 159.135 -1753.62 
v 1606.08 162.858 -1760.61 
v 1609.96 159.136 -1770.53 
v 1609.96 162.858 -1770.53 
v 1606.08 159.136 -1760.61 

vn -0.251969 0 0.968504 
vn -0.251969 0 0.968504 
vn -0.251969 0 0.968504 
vn -0.251969 0 0.968504 
vn -0.669291 0 0.740157 
vn -0.669291 0 0.740157 
vn -0.669291 0 0.740157 
vn -0.669291 0 0.740157 
vn -0.937008 0 0.346457 
vn -0.937008 0 0.346457 
vn -0.937008 0 0.346457 
vn -0.937008 0 0.346457 
vn 0 1 0 
vn 0 1 0 
vn 0 1 0 
vn 0 1 0 
vn 0 1 0 
vn 0 1 0 
vn 0 1 0 
vn 0 1 0 
vn 0 1 0 
vn 0 1 0 
vn 0 1 0 
vn 0 1 0 
vn 0 1 0 
vn -0.992126 0 -0.133858 
vn -0.992126 0 -0.133858 
vn -0.992126 0 -0.133858 
vn -0.992126 0 -0.133858 
vn -0.818898 0 -0.574803 
vn -0.818898 0 -0.574803 
vn -0.818898 0 -0.574803 
vn -0.818898 0 -0.574803 
vn 0.00787402 0 -1 
vn 0.00787402 0 -1 
vn 0.00787402 0 -1 
vn 0.00787402 0 -1 
vn -0.456693 0 -0.889764 
vn -0.456693 0 -0.889764 
vn -0.456693 0 -0.889764 
vn -0.456693 0 -0.889764 
vn 0.992126 0 -0.110236 
vn 0.992126 0 -0.110236 
vn 0.992126 0 -0.110236 
vn 0.992126 0 -0.110236 
vn 0.826772 0 -0.559055 
vn 0.826772 0 -0.559055 
vn 0.826772 0 -0.559055 
vn 0.826772 0 -0.559055 
vn 0.472441 0 -0.88189 
vn 0.472441 0 -0.88189 
vn 0.472441 0 -0.88189 
vn 0.472441 0 -0.88189 
vn 0 -1 0 
vn 0 -1 0 
vn 0 -1 0 
vn 0 -1 0 
vn 0 -1 0 
vn 0 -1 0 
vn 0 -1 0 
vn 0 -1 0 
vn 0 -1 0 
vn 0 -1 0 
vn 0 -1 0 
vn 0 -1 0 
vn 0 -1 0 
vn 0.228346 0 0.976378 
vn 0.228346 0 0.976378 
vn 0.228346 0 0.976378 
vn 0.228346 0 0.976378 
vn 0.653543 0 0.755906 
vn 0.653543 0 0.755906 
vn 0.653543 0 0.755906 
vn 0.653543 0 0.755906 
vn 0.929134 0 0.362205 
vn 0.929134 0 0.362205 
vn 0.929134 0 0.362205 
vn 0.929134 0 0.362205 

vt 1.01943 1.23093 
vt 2.10728 0.769071 
vt 2.10728 1.23093 
vt 1.01943 0.769071 
vt -0.292761 1.23093 
vt 1.01943 0.769071 
vt 1.01943 1.23093 
vt -0.292761 0.769071 
vt -1.5287 1.23093 
vt -0.292761 0.769071 
vt -0.292761 1.23093 
vt -1.5287 0.76907 
vt 2.58223 -0.0194347 
vt -2.82806e-17 3.72157 
vt -2.58223 -0.0194347 
vt 0.660916 -1.72157 
vt 1.83134 -1.10728 
vt -0.660916 -1.72157 
vt -1.83134 -1.10728 
vt 2.74156 1.29276 
vt -2.74156 1.29276 
vt 2.27283 2.5287 
vt 1.28342 3.40523 
vt -2.27283 2.5287 
vt -1.28342 3.40523 
vt 1.28342 1.23093 
vt 2.27283 0.76907 
vt 2.27283 1.23093 
vt 1.28342 0.76907 
vt 2.82806e-17 1.23093 
vt 1.28342 0.76907 
vt 1.28342 1.23093 
vt -2.82807e-17 0.76907 
vt -2.27283 1.23093 
vt -1.28342 0.76907 
vt -1.28342 1.23093 
vt -2.27283 0.76907 
vt -1.28342 1.23093 
vt -2.82807e-17 0.76907 
vt 2.82806e-17 1.23093 
vt -1.28342 0.76907 
vt -2.10728 1.23093 
vt -1.01943 0.769071 
vt -1.01943 1.23093 
vt -2.10728 0.769071 
vt -1.01943 1.23093 
vt 0.292761 0.769071 
vt 0.292761 1.23093 
vt -1.01943 0.769071 
vt 0.292761 1.23093 
vt 1.5287 0.76907 
vt 1.5287 1.23093 
vt 0.292761 0.769071 
vt 2.58223 -0.0194347 
vt -2.82807e-17 3.72157 
vt -2.58223 -0.0194347 
vt -0.660916 -1.72157 
vt -1.83134 -1.10728 
vt 0.660916 -1.72157 
vt 1.83134 -1.10728 
vt -2.74156 1.29276 
vt 2.74156 1.29276 
vt -2.27283 2.5287 
vt -1.28342 3.40523 
vt 2.27283 2.5287 
vt 1.28342 3.40523 
vt -1.83134 1.23093 
vt -0.660916 0.769071 
vt -0.660916 1.23093 
vt -1.83134 0.769071 
vt -0.660916 1.23093 
vt 0.660916 0.769071 
vt 0.660916 1.23093 
vt -0.660916 0.769071 
vt 0.660916 1.23093 
vt 1.83134 0.769071 
vt 1.83134 1.23093 
vt 0.660916 0.769071 

usemtl Cylinder0021Mtl

f 1128/1128/1128 1129/1129/1129 1130/1130/1130 
f 1129/1129/1129 1128/1128/1128 1131/1131/1131 
f 1132/1132/1132 1133/1133/1133 1134/1134/1134 
f 1133/1133/1133 1132/1132/1132 1135/1135/1135 
f 1136/1136/1136 1137/1137/1137 1138/1138/1138 
f 1137/1137/1137 1136/1136/1136 1139/1139/1139 
f 1140/1140/1140 1141/1141/1141 1142/1142/1142 
f 1140/1140/1140 1143/1143/1143 1144/1144/1144 
f 1140/1140/1140 1145/1145/1145 1143/1143/1143 
f 1142/1142/1142 1145/1145/1145 1140/1140/1140 
f 1145/1145/1145 1142/1142/1142 1146/1146/1146 
f 1147/1147/1147 1141/1141/1141 1140/1140/1140 
f 1141/1141/1141 1148/1148/1148 1142/1142/1142 
f 1149/1149/1149 1141/1141/1141 1147/1147/1147 
f 1141/1141/1141 1149/1149/1149 1150/1150/1150 
f 1148/1148/1148 1141/1141/1141 1151/1151/1151 
f 1151/1151/1151 1141/1141/1141 1152/1152/1152 
f 1153/1153/1153 1154/1154/1154 1155/1155/1155 
f 1154/1154/1154 1153/1153/1153 1156/1156/1156 
f 1157/1157/1157 1158/1158/1158 1159/1159/1159 
f 1158/1158/1158 1157/1157/1157 1160/1160/1160 
f 1161/1161/1161 1162/1162/1162 1163/1163/1163 
f 1162/1162/1162 1161/1161/1161 1164/1164/1164 
f 1165/1165/1165 1166/1166/1166 1167/1167/1167 
f 1166/1166/1166 1165/1165/1165 1168/1168/1168 
f 1169/1169/1169 1170/1170/1170 1171/1171/1171 
f 1170/1170/1170 1169/1169/1169 1172/1172/1172 
f 1173/1173/1173 1174/1174/1174 1175/1175/1175 
f 1174/1174/1174 1173/1173/1173 1176/1176/1176 
f 1177/1177/1177 1178/1178/1178 1179/1179/1179 
f 1178/1178/1178 1177/1177/1177 1180/1180/1180 
f 1181/1181/1181 1182/1182/1182 1183/1183/1183 
f 1184/1184/1184 1183/1183/1183 1185/1185/1185 
f 1186/1186/1186 1183/1183/1183 1184/1184/1184 
f 1186/1186/1186 1181/1181/1181 1183/1183/1183 
f 1181/1181/1181 1186/1186/1186 1187/1187/1187 
f 1183/1183/1183 1182/1182/1182 1188/1188/1188 
f 1182/1182/1182 1181/1181/1181 1189/1189/1189 
f 1188/1188/1188 1182/1182/1182 1190/1190/1190 
f 1190/1190/1190 1182/1182/1182 1191/1191/1191 
f 1182/1182/1182 1189/1189/1189 1192/1192/1192 
f 1182/1182/1182 1192/1192/1192 1193/1193/1193 
f 1194/1194/1194 1195/1195/1195 1196/1196/1196 
f 1195/1195/1195 1194/1194/1194 1197/1197/1197 
f 1198/1198/1198 1199/1199/1199 1200/1200/1200 
f 1199/1199/1199 1198/1198/1198 1201/1201/1201 
f 1202/1202/1202 1203/1203/1203 1204/1204/1204 
f 1203/1203/1203 1202/1202/1202 1205/1205/1205 

g Cube0011

v 1576.23 228.87 -1761.02 
v 1572.83 177.746 -1758.06 
v 1573.98 228.87 -1763.62 
v 1570.57 177.746 -1760.66 
v 1572.83 177.746 -1758.06 
v 1570.14 137.681 -1755.72 
v 1570.57 177.746 -1760.66 
v 1567.88 137.681 -1758.31 
v 1570.14 137.681 -1755.72 
v 1567.89 127.993 -1758.31 
v 1567.88 137.681 -1758.31 
v 1570.14 127.994 -1755.72 
v 1575.63 228.87 -1765.06 
v 1577.89 228.871 -1762.46 
v 1573.98 228.87 -1763.62 
v 1576.23 228.87 -1761.02 
v 1567.88 137.681 -1758.31 
v 1569.54 127.994 -1759.75 
v 1569.54 137.681 -1759.75 
v 1567.89 127.993 -1758.31 
v 1570.57 177.746 -1760.66 
v 1572.23 177.746 -1762.09 
v 1573.98 228.87 -1763.62 
v 1575.63 228.87 -1765.06 
v 1569.54 137.681 -1759.75 
v 1571.8 127.994 -1757.15 
v 1571.8 137.682 -1757.15 
v 1569.54 127.994 -1759.75 
v 1572.23 177.746 -1762.09 
v 1569.54 137.681 -1759.75 
v 1574.49 177.746 -1759.5 
v 1571.8 137.682 -1757.15 
v 1575.63 228.87 -1765.06 
v 1572.23 177.746 -1762.09 
v 1577.89 228.871 -1762.46 
v 1574.49 177.746 -1759.5 
v 1570.14 127.994 -1755.72 
v 1571.8 127.994 -1757.15 
v 1569.54 127.994 -1759.75 
v 1567.89 127.993 -1758.31 
v 1571.8 137.682 -1757.15 
v 1570.14 127.994 -1755.72 
v 1570.14 137.681 -1755.72 
v 1571.8 127.994 -1757.15 
v 1570.14 137.681 -1755.72 
v 1572.83 177.746 -1758.06 
v 1571.8 137.682 -1757.15 
v 1574.49 177.746 -1759.5 
v 1572.83 177.746 -1758.06 
v 1576.23 228.87 -1761.02 
v 1574.49 177.746 -1759.5 
v 1577.89 228.871 -1762.46 

vn -0.755906 0.0866142 0.653543 
vn -0.755906 0.0866142 0.653543 
vn -0.755906 0.0866142 0.653543 
vn -0.755906 0.0866142 0.653543 
vn -0.755906 0.0866142 0.653543 
vn -0.755906 0.0866142 0.653543 
vn -0.755906 0.0866142 0.653543 
vn -0.755906 0.0866142 0.653543 
vn -0.755906 0 0.653543 
vn -0.755906 0 0.653543 
vn -0.755906 0 0.653543 
vn -0.755906 0 0.653543 
vn 0 1 0 
vn 0 1 0 
vn 0 1 0 
vn 0 1 0 
vn -0.653543 0 -0.755906 
vn -0.653543 0 -0.755906 
vn -0.653543 0 -0.755906 
vn -0.653543 0 -0.755906 
vn -0.653543 0 -0.755906 
vn -0.653543 0 -0.755906 
vn -0.653543 0 -0.755906 
vn -0.653543 0 -0.755906 
vn 0.755906 0 -0.653543 
vn 0.755906 0 -0.653543 
vn 0.755906 0 -0.653543 
vn 0.755906 0 -0.653543 
vn 0.748031 -0.0866142 -0.653543 
vn 0.748031 -0.0866142 -0.653543 
vn 0.748031 -0.0866142 -0.653543 
vn 0.748031 -0.0866142 -0.653543 
vn 0.748031 -0.0866142 -0.653543 
vn 0.748031 -0.0866142 -0.653543 
vn 0.748031 -0.0866142 -0.653543 
vn 0.748031 -0.0866142 -0.653543 
vn 0 -1 0 
vn 0 -1 0 
vn 0 -1 0 
vn 0 -1 0 
vn 0.653543 0 0.755906 
vn 0.653543 0 0.755906 
vn 0.653543 0 0.755906 
vn 0.653543 0 0.755906 
vn 0.653543 0 0.755906 
vn 0.653543 0 0.755906 
vn 0.653543 0 0.755906 
vn 0.653543 0 0.755906 
vn 0.653543 0 0.755906 
vn 0.653543 0 0.755906 
vn 0.653543 0 0.755906 
vn 0.653543 0 0.755906 

vt 0.430189 13.6095 
vt 0.430187 0.828476 
vt -0.430185 13.6095 
vt -0.430187 0.828476 
vt 0.430187 0.828476 
vt 0.430185 -9.18761 
vt -0.430187 0.828476 
vt -0.430189 -9.18761 
vt 0.430185 -9.18761 
vt -0.430189 -11.6095 
vt -0.430189 -9.18761 
vt 0.430185 -11.6095 
vt 1.28458 1.43019 
vt 1.28458 0.569811 
vt 0.736328 1.43019 
vt 0.736328 0.569811 
vt 1.28458 -9.18761 
vt 0.736328 -11.6095 
vt 0.736328 -9.18761 
vt 1.28458 -11.6095 
vt 0.392538 0.828476 
vt -0.155712 0.828476 
vt -0.736328 13.6095 
vt -1.28458 13.6095 
vt 0.430189 -9.18761 
vt -0.430185 -11.6095 
vt -0.430185 -9.18761 
vt 0.430189 -11.6095 
vt 0.430187 0.828476 
vt 0.430189 -9.18761 
vt -0.430187 0.828476 
vt -0.430185 -9.18761 
vt 0.430185 13.6095 
vt 0.430187 0.828476 
vt -0.430189 13.6095 
vt -0.430187 0.828476 
vt 1.28458 0.569815 
vt 0.736328 0.569815 
vt 0.736328 1.43019 
vt 1.28458 1.43019 
vt -0.736328 -9.18761 
vt -1.28458 -11.6095 
vt -1.28458 -9.18761 
vt -0.736328 -11.6095 
vt -1.28458 -9.18761 
vt -0.392538 0.828476 
vt -0.736328 -9.18761 
vt 0.155712 0.828476 
vt -0.392538 0.828476 
vt 0.736328 13.6095 
vt 0.155712 0.828476 
vt 1.28458 13.6095 

usemtl Cube0021Mtl

f 1206/1206/1206 1208/1208/1208 1207/1207/1207 
f 1208/1208/1208 1209/1209/1209 1207/1207/1207 
f 1210/1210/1210 1212/1212/1212 1211/1211/1211 
f 1212/1212/1212 1213/1213/1213 1211/1211/1211 
f 1214/1214/1214 1216/1216/1216 1215/1215/1215 
f 1215/1215/1215 1217/1217/1217 1214/1214/1214 
f 1218/1218/1218 1220/1220/1220 1219/1219/1219 
f 1220/1220/1220 1221/1221/1221 1219/1219/1219 
f 1222/1222/1222 1224/1224/1224 1223/1223/1223 
f 1223/1223/1223 1225/1225/1225 1222/1222/1222 
f 1224/1224/1224 1222/1222/1222 1226/1226/1226 
f 1226/1226/1226 1227/1227/1227 1224/1224/1224 
f 1227/1227/1227 1226/1226/1226 1228/1228/1228 
f 1228/1228/1228 1229/1229/1229 1227/1227/1227 
f 1230/1230/1230 1232/1232/1232 1231/1231/1231 
f 1231/1231/1231 1233/1233/1233 1230/1230/1230 
f 1234/1234/1234 1236/1236/1236 1235/1235/1235 
f 1236/1236/1236 1237/1237/1237 1235/1235/1235 
f 1238/1238/1238 1240/1240/1240 1239/1239/1239 
f 1240/1240/1240 1241/1241/1241 1239/1239/1239 
f 1242/1242/1242 1244/1244/1244 1243/1243/1243 
f 1242/1242/1242 1245/1245/1245 1244/1244/1244 
f 1246/1246/1246 1248/1248/1248 1247/1247/1247 
f 1247/1247/1247 1249/1249/1249 1246/1246/1246 
f 1250/1250/1250 1252/1252/1252 1251/1251/1251 
f 1253/1253/1253 1251/1251/1251 1252/1252/1252 
f 1254/1254/1254 1256/1256/1256 1255/1255/1255 
f 1257/1257/1257 1255/1255/1255 1256/1256/1256 

g Cube0101

v 1623.9 218.769 -1771.67 
v 1627.05 213.974 -1768.05 
v 1632.91 224.717 -1762.14 
v 1630.62 229.502 -1764.78 
v 1620.75 223.564 -1775.28 
v 1625.1 237.782 -1771.12 
v 1617.65 228.29 -1778.85 
v 1627.6 233.343 -1768.25 
v 1617.65 228.29 -1778.85 
v 1622.29 241.677 -1774.36 
v 1614.59 232.95 -1782.37 
v 1625.1 237.782 -1771.12 
v 1622.29 241.677 -1774.36 
v 1619.11 246.59 -1778.02 
v 1614.59 232.95 -1782.37 
v 1611.41 237.863 -1786.03 
v 1620.75 223.564 -1775.28 
v 1623.9 218.769 -1771.67 
v 1630.62 229.502 -1764.78 
v 1627.6 233.343 -1768.25 
v 1611.41 237.863 -1786.03 
v 1619.11 246.59 -1778.02 
v 1612.65 237.863 -1787.1 
v 1619.51 246.59 -1778.37 
v 1622.29 241.677 -1774.36 
v 1625.5 237.782 -1771.47 
v 1622.69 241.677 -1774.71 
v 1625.1 237.782 -1771.12 
v 1627.6 233.343 -1768.25 
v 1631.02 229.502 -1765.13 
v 1628 233.343 -1768.6 
v 1630.62 229.502 -1764.78 
v 1614.59 232.95 -1782.37 
v 1611.41 237.863 -1786.03 
v 1615.83 232.95 -1783.44 
v 1612.65 237.863 -1787.1 
v 1625.14 218.769 -1772.74 
v 1628.28 213.975 -1769.12 
v 1627.05 213.974 -1768.05 
v 1623.9 218.769 -1771.67 
v 1621.99 223.564 -1776.36 
v 1625.14 218.769 -1772.74 
v 1623.9 218.769 -1771.67 
v 1620.75 223.564 -1775.28 
v 1618.89 228.29 -1779.93 
v 1621.99 223.564 -1776.36 
v 1620.75 223.564 -1775.28 
v 1617.65 228.29 -1778.85 
v 1615.83 232.95 -1783.44 
v 1618.89 228.29 -1779.93 
v 1617.65 228.29 -1778.85 
v 1614.59 232.95 -1782.37 
v 1625.14 218.769 -1772.74 
v 1633.31 224.717 -1762.49 
v 1628.28 213.975 -1769.12 
v 1631.02 229.502 -1765.13 
v 1621.99 223.564 -1776.36 
v 1618.89 228.29 -1779.93 
v 1625.5 237.782 -1771.47 
v 1628 233.343 -1768.6 
v 1618.89 228.29 -1779.93 
v 1615.83 232.95 -1783.44 
v 1622.69 241.677 -1774.71 
v 1625.5 237.782 -1771.47 
v 1619.51 246.59 -1778.37 
v 1615.83 232.95 -1783.44 
v 1612.65 237.863 -1787.1 
v 1622.69 241.677 -1774.71 
v 1621.99 223.564 -1776.36 
v 1631.02 229.502 -1765.13 
v 1625.14 218.769 -1772.74 
v 1628 233.343 -1768.6 
v 1627.05 213.974 -1768.05 
v 1628.28 213.975 -1769.12 
v 1633.31 224.717 -1762.49 
v 1632.91 224.717 -1762.14 
v 1630.62 229.502 -1764.78 
v 1633.31 224.717 -1762.49 
v 1631.02 229.502 -1765.13 
v 1632.91 224.717 -1762.14 
v 1625.1 237.782 -1771.12 
v 1628 233.343 -1768.6 
v 1625.5 237.782 -1771.47 
v 1627.6 233.343 -1768.25 
v 1619.11 246.59 -1778.02 
v 1622.29 241.677 -1774.36 
v 1619.51 246.59 -1778.37 
v 1622.69 241.677 -1774.71 

vn -0.732283 0.023622 0.677165 
vn -0.732283 0.023622 0.677165 
vn -0.732283 0.023622 0.677165 
vn -0.732283 0.023622 0.677165 
vn -0.732283 0.023622 0.677165 
vn -0.732283 0.023622 0.677165 
vn -0.732283 0.023622 0.677165 
vn -0.732283 0.023622 0.677165 
vn -0.740157 0.0314961 0.677165 
vn -0.740157 0.0314961 0.677165 
vn -0.740157 0.0314961 0.677165 
vn -0.740157 0.0314961 0.677165 
vn -0.732283 0.0314961 0.677165 
vn -0.732283 0.0314961 0.677165 
vn -0.732283 0.0314961 0.677165 
vn -0.732283 0.0314961 0.677165 
vn -0.740157 0.0314961 0.677165 
vn -0.740157 0.0314961 0.677165 
vn -0.740157 0.0314961 0.677165 
vn -0.740157 0.0314961 0.677165 
vn -0.401575 0.787402 -0.464567 
vn -0.401575 0.787402 -0.464567 
vn -0.401575 0.787402 -0.464567 
vn -0.401575 0.787402 -0.464567 
vn 0.440945 0.740157 0.503937 
vn 0.440945 0.740157 0.503937 
vn 0.440945 0.740157 0.503937 
vn 0.440945 0.740157 0.503937 
vn 0.417323 0.76378 0.480315 
vn 0.417323 0.76378 0.480315 
vn 0.417323 0.76378 0.480315 
vn 0.417323 0.76378 0.480315 
vn -0.464567 -0.700787 -0.535433 
vn -0.464567 -0.700787 -0.535433 
vn -0.464567 -0.700787 -0.535433 
vn -0.464567 -0.700787 -0.535433 
vn -0.464567 -0.708661 -0.535433 
vn -0.464567 -0.708661 -0.535433 
vn -0.464567 -0.708661 -0.535433 
vn -0.464567 -0.708661 -0.535433 
vn -0.464567 -0.708661 -0.535433 
vn -0.464567 -0.708661 -0.535433 
vn -0.464567 -0.708661 -0.535433 
vn -0.464567 -0.708661 -0.535433 
vn -0.464567 -0.708661 -0.535433 
vn -0.464567 -0.708661 -0.535433 
vn -0.464567 -0.708661 -0.535433 
vn -0.464567 -0.708661 -0.535433 
vn -0.464567 -0.708661 -0.535433 
vn -0.464567 -0.708661 -0.535433 
vn -0.464567 -0.708661 -0.535433 
vn -0.464567 -0.708661 -0.535433 
vn 0.771654 0.023622 -0.629921 
vn 0.771654 0.023622 -0.629921 
vn 0.771654 0.023622 -0.629921 
vn 0.771654 0.023622 -0.629921 
vn 0.771654 0.023622 -0.629921 
vn 0.771654 0.023622 -0.629921 
vn 0.771654 0.023622 -0.629921 
vn 0.771654 0.023622 -0.629921 
vn 0.771654 0.0314961 -0.637795 
vn 0.771654 0.0314961 -0.637795 
vn 0.771654 0.0314961 -0.637795 
vn 0.771654 0.0314961 -0.637795 
vn 0.771654 0.0314961 -0.637795 
vn 0.771654 0.0314961 -0.637795 
vn 0.771654 0.0314961 -0.637795 
vn 0.771654 0.0314961 -0.637795 
vn 0.771654 0.0314961 -0.637795 
vn 0.771654 0.0314961 -0.637795 
vn 0.771654 0.0314961 -0.637795 
vn 0.771654 0.0314961 -0.637795 
vn 0.519685 -0.614173 0.598425 
vn 0.519685 -0.614173 0.598425 
vn 0.519685 -0.614173 0.598425 
vn 0.519685 -0.614173 0.598425 
vn 0.527559 0.590551 0.606299 
vn 0.527559 0.590551 0.606299 
vn 0.527559 0.590551 0.606299 
vn 0.527559 0.590551 0.606299 
vn 0.496063 0.653543 0.574803 
vn 0.496063 0.653543 0.574803 
vn 0.496063 0.653543 0.574803 
vn 0.496063 0.653543 0.574803 
vn 0.464567 0.700787 0.535433 
vn 0.464567 0.700787 0.535433 
vn 0.464567 0.700787 0.535433 
vn 0.464567 0.700787 0.535433 

vt 0.592996 -1.30262 
vt 1.55203 -2.26166 
vt 3.2134 -0.113228 
vt 2.51332 0.843821 
vt -0.366043 -0.343582 
vt 0.833271 2.49984 
vt -1.31136 0.601734 
vt 1.59464 1.61197 
vt -1.31136 0.601734 
vt -0.0246134 3.27901 
vt -2.24336 1.53374 
vt 0.833271 2.49984 
vt -0.0246134 3.27901 
vt -0.994655 4.26166 
vt -2.24336 1.53374 
vt -3.2134 2.51638 
vt -0.366043 -0.343582 
vt 0.592996 -1.30262 
vt 2.51332 0.843821 
vt 1.59464 1.61197 
vt -0.163852 4.2134 
vt -0.0528519 1.99465 
vt 0.163852 4.2134 
vt 0.0528519 1.99465 
vt -0.0528519 1.02461 
vt 0.0528519 0.166729 
vt 0.0528519 1.02461 
vt -0.0528519 0.166729 
vt -0.0528519 -0.594637 
vt 0.0528519 -1.51332 
vt 0.0528519 -0.594637 
vt -0.0528519 -1.51332 
vt 0.163852 1.53374 
vt 0.163852 2.51638 
vt -0.163852 1.53374 
vt -0.163852 2.51638 
vt -0.163852 -1.30262 
vt -0.163852 -2.26166 
vt 0.163852 -2.26166 
vt 0.163852 -1.30262 
vt -0.163852 -0.343582 
vt -0.163852 -1.30262 
vt 0.163852 -1.30262 
vt 0.163852 -0.343582 
vt -0.163852 0.601734 
vt -0.163852 -0.343582 
vt 0.163852 -0.343582 
vt 0.163852 0.601734 
vt -0.163852 1.53374 
vt -0.163852 0.601734 
vt 0.163852 0.601734 
vt 0.163852 1.53374 
vt -0.592996 -1.30262 
vt -3.2134 -0.113228 
vt -1.55203 -2.26166 
vt -2.51332 0.843821 
vt 0.366043 -0.343582 
vt 1.31136 0.601734 
vt -0.833271 2.49984 
vt -1.59464 1.61197 
vt 1.31136 0.601734 
vt 2.24336 1.53374 
vt 0.0246134 3.27901 
vt -0.833271 2.49984 
vt 0.994655 4.26166 
vt 2.24336 1.53374 
vt 3.2134 2.51638 
vt 0.0246134 3.27901 
vt 0.366043 -0.343582 
vt -2.51332 0.843821 
vt -0.592996 -1.30262 
vt -1.59464 1.61197 
vt -0.163852 -2.26166 
vt 0.163852 -2.26166 
vt 0.0528519 -0.113228 
vt -0.0528519 -0.113228 
vt -0.0528519 0.843821 
vt 0.0528519 -0.113228 
vt 0.0528519 0.843821 
vt -0.0528519 -0.113228 
vt -0.0528519 2.49984 
vt 0.0528519 1.61197 
vt 0.0528519 2.49984 
vt -0.0528519 1.61197 
vt -0.0528519 4.26166 
vt -0.0528519 3.27901 
vt 0.0528519 4.26166 
vt 0.0528519 3.27901 

usemtl Cube0081Mtl

f 1258/1258/1258 1259/1259/1259 1260/1260/1260 
f 1260/1260/1260 1261/1261/1261 1258/1258/1258 
f 1262/1262/1262 1263/1263/1263 1264/1264/1264 
f 1263/1263/1263 1262/1262/1262 1265/1265/1265 
f 1266/1266/1266 1267/1267/1267 1268/1268/1268 
f 1267/1267/1267 1266/1266/1266 1269/1269/1269 
f 1270/1270/1270 1271/1271/1271 1272/1272/1272 
f 1273/1273/1273 1272/1272/1272 1271/1271/1271 
f 1274/1274/1274 1275/1275/1275 1276/1276/1276 
f 1274/1274/1274 1276/1276/1276 1277/1277/1277 
f 1278/1278/1278 1279/1279/1279 1280/1280/1280 
f 1280/1280/1280 1279/1279/1279 1281/1281/1281 
f 1282/1282/1282 1283/1283/1283 1284/1284/1284 
f 1283/1283/1283 1282/1282/1282 1285/1285/1285 
f 1286/1286/1286 1287/1287/1287 1288/1288/1288 
f 1287/1287/1287 1286/1286/1286 1289/1289/1289 
f 1290/1290/1290 1291/1291/1291 1292/1292/1292 
f 1292/1292/1292 1291/1291/1291 1293/1293/1293 
f 1294/1294/1294 1295/1295/1295 1296/1296/1296 
f 1296/1296/1296 1297/1297/1297 1294/1294/1294 
f 1298/1298/1298 1299/1299/1299 1300/1300/1300 
f 1300/1300/1300 1301/1301/1301 1298/1298/1298 
f 1302/1302/1302 1303/1303/1303 1304/1304/1304 
f 1304/1304/1304 1305/1305/1305 1302/1302/1302 
f 1306/1306/1306 1307/1307/1307 1308/1308/1308 
f 1308/1308/1308 1309/1309/1309 1306/1306/1306 
f 1310/1310/1310 1311/1311/1311 1312/1312/1312 
f 1311/1311/1311 1310/1310/1310 1313/1313/1313 
f 1314/1314/1314 1315/1315/1315 1316/1316/1316 
f 1314/1314/1314 1316/1316/1316 1317/1317/1317 
f 1318/1318/1318 1319/1319/1319 1320/1320/1320 
f 1318/1318/1318 1320/1320/1320 1321/1321/1321 
f 1322/1322/1322 1323/1323/1323 1324/1324/1324 
f 1323/1323/1323 1322/1322/1322 1325/1325/1325 
f 1326/1326/1326 1327/1327/1327 1328/1328/1328 
f 1327/1327/1327 1326/1326/1326 1329/1329/1329 
f 1330/1330/1330 1331/1331/1331 1332/1332/1332 
f 1330/1330/1330 1332/1332/1332 1333/1333/1333 
f 1334/1334/1334 1335/1335/1335 1336/1336/1336 
f 1335/1335/1335 1334/1334/1334 1337/1337/1337 
f 1338/1338/1338 1339/1339/1339 1340/1340/1340 
f 1339/1339/1339 1338/1338/1338 1341/1341/1341 
f 1342/1342/1342 1343/1343/1343 1344/1344/1344 
f 1344/1344/1344 1343/1343/1343 1345/1345/1345 

g Cylinder0051

v 1589.91 247.84 -1778.8 
v 1594.79 245.849 -1773.19 
v 1593.48 247.84 -1774.7 
v 1591.7 248.569 -1776.75 
v 1594.79 240.409 -1773.19 
v 1595.27 243.129 -1772.64 
v 1588.61 240.408 -1780.3 
v 1588.61 245.848 -1780.3 
v 1588.13 243.128 -1780.85 
v 1589.92 238.417 -1778.8 
v 1593.48 238.418 -1774.69 
v 1591.7 237.688 -1776.75 
v 1589.91 247.84 -1778.8 
v 1594.79 245.849 -1773.19 
v 1593.48 247.84 -1774.7 
v 1591.7 248.569 -1776.75 
v 1588.61 245.848 -1780.3 
v 1612.55 245.174 -1796.43 
v 1612.55 245.174 -1796.43 
v 1612.19 246.85 -1794.56 
v 1613.32 245.49 -1795.54 
v 1610.97 246.351 -1795.96 
v 1614.63 243.131 -1791.75 
v 1614.3 244.99 -1792.13 
v 1614.1 245.174 -1794.65 
v 1613.32 245.49 -1795.54 
v 1612.19 246.85 -1794.56 
v 1613.41 246.352 -1793.16 
v 1609.75 243.13 -1797.37 
v 1604.25 245.85 -1781.42 
v 1602.94 247.841 -1782.92 
v 1594.79 245.849 -1773.19 
v 1604.25 245.85 -1781.42 
v 1593.48 247.84 -1774.7 
v 1601.16 248.569 -1784.97 
v 1593.48 247.84 -1774.7 
v 1602.94 247.841 -1782.92 
v 1591.7 248.569 -1776.75 
v 1599.37 247.84 -1787.02 
v 1591.7 248.569 -1776.75 
v 1601.16 248.569 -1784.97 
v 1589.91 247.84 -1778.8 
v 1599.37 247.84 -1787.02 
v 1588.61 245.848 -1780.3 
v 1589.91 247.84 -1778.8 
v 1598.07 245.849 -1788.53 
v 1605.74 244.99 -1784.69 
v 1613.41 246.352 -1793.16 
v 1604.85 246.351 -1785.72 
v 1614.3 244.99 -1792.13 
v 1612.19 246.85 -1794.56 
v 1603.63 246.849 -1787.12 
v 1613.41 246.352 -1793.16 
v 1604.85 246.351 -1785.72 
v 1610.97 246.351 -1795.96 
v 1602.41 246.351 -1788.52 
v 1612.19 246.85 -1794.56 
v 1603.63 246.849 -1787.12 
v 1601.52 244.989 -1789.55 
v 1602.41 246.351 -1788.52 
v 1601.16 248.569 -1784.97 
v 1603.63 246.849 -1787.12 
v 1599.37 247.84 -1787.02 
v 1603.63 246.849 -1787.12 
v 1601.16 248.569 -1784.97 
v 1604.85 246.351 -1785.72 
v 1602.94 247.841 -1782.92 
v 1604.85 246.351 -1785.72 
v 1604.25 245.85 -1781.42 
v 1602.94 247.841 -1782.92 
v 1598.07 245.849 -1788.53 
v 1602.41 246.351 -1788.52 
v 1599.37 247.84 -1787.02 
v 1589.91 247.84 -1778.8 
v 1588.61 240.408 -1780.3 
v 1588.61 245.848 -1780.3 
v 1589.92 238.417 -1778.8 
v 1612.55 245.174 -1796.43 
v 1612.19 246.85 -1794.56 
v 1610.97 246.351 -1795.96 
v 1610.97 239.909 -1795.96 
v 1611.98 241.95 -1797.09 
v 1609.75 243.13 -1797.37 
v 1611.77 243.13 -1797.32 
v 1610.08 241.27 -1796.99 
v 1611.98 244.31 -1797.09 
v 1611.77 243.13 -1797.32 
v 1609.75 243.13 -1797.37 
v 1610.08 244.99 -1796.99 
v 1599.37 247.84 -1787.02 
v 1598.07 245.849 -1788.53 
v 1597.59 243.129 -1789.08 
v 1588.61 240.408 -1780.3 
v 1588.13 243.128 -1780.85 
v 1598.07 240.409 -1788.53 
v 1599.38 238.418 -1787.02 
v 1598.07 245.849 -1788.53 
v 1588.13 243.128 -1780.85 
v 1588.61 245.848 -1780.3 
v 1597.59 243.129 -1789.08 
v 1610.08 244.99 -1796.99 
v 1601.52 244.989 -1789.55 
v 1610.97 246.351 -1795.96 
v 1602.41 246.351 -1788.52 
v 1609.75 243.13 -1797.37 
v 1601.52 244.989 -1789.55 
v 1610.08 244.99 -1796.99 
v 1601.19 243.129 -1789.93 
v 1602.41 239.908 -1788.52 
v 1610.08 241.27 -1796.99 
v 1601.19 243.129 -1789.93 
v 1609.75 243.13 -1797.37 
v 1601.52 241.269 -1789.55 
v 1610.97 239.909 -1795.96 
v 1601.52 241.269 -1789.55 
v 1610.08 241.27 -1796.99 
v 1602.41 239.908 -1788.52 
v 1601.19 243.129 -1789.93 
v 1597.59 243.129 -1789.08 
v 1601.52 244.989 -1789.55 
v 1598.07 245.849 -1788.53 
v 1601.52 241.269 -1789.55 
v 1597.59 243.129 -1789.08 
v 1601.19 243.129 -1789.93 
v 1598.07 240.409 -1788.53 
v 1601.52 244.989 -1789.55 
v 1598.07 245.849 -1788.53 
v 1602.41 246.351 -1788.52 
v 1602.41 239.908 -1788.52 
v 1598.07 240.409 -1788.53 
v 1601.52 241.269 -1789.55 
v 1611.77 243.13 -1797.32 
v 1614.87 243.13 -1793.76 
v 1613.32 240.771 -1795.54 
v 1614.66 241.951 -1794 
v 1614.1 241.087 -1794.65 
v 1611.98 241.95 -1797.09 
v 1612.55 241.087 -1796.43 
v 1614.1 245.174 -1794.65 
v 1614.66 244.31 -1794 
v 1612.55 245.174 -1796.43 
v 1613.32 245.49 -1795.54 
v 1611.98 244.31 -1797.09 
v 1612.19 246.85 -1794.56 
v 1610.97 246.351 -1795.96 
v 1614.63 243.131 -1791.75 
v 1614.3 244.99 -1792.13 
v 1614.3 244.99 -1792.13 
v 1614.1 245.174 -1794.65 
v 1613.41 246.352 -1793.16 
v 1614.66 244.31 -1794 
v 1614.3 241.271 -1792.13 
v 1612.19 239.41 -1794.56 
v 1610.97 239.909 -1795.96 
v 1610.08 244.99 -1796.99 
v 1612.55 245.174 -1796.43 
v 1611.98 244.31 -1797.09 
v 1610.97 246.351 -1795.96 
v 1609.75 243.13 -1797.37 
v 1613.41 239.909 -1793.16 
v 1614.66 241.951 -1794 
v 1614.3 241.271 -1792.13 
v 1614.1 241.087 -1794.65 
v 1611.98 241.95 -1797.09 
v 1612.55 241.087 -1796.43 
v 1610.97 239.909 -1795.96 
v 1610.08 241.27 -1796.99 
v 1594.79 240.409 -1773.19 
v 1588.61 240.408 -1780.3 
v 1589.92 238.417 -1778.8 
v 1593.48 238.418 -1774.69 
v 1591.7 237.688 -1776.75 
v 1614.3 241.271 -1792.13 
v 1612.55 241.087 -1796.43 
v 1613.32 240.771 -1795.54 
v 1612.19 239.41 -1794.56 
v 1610.97 239.909 -1795.96 
v 1614.1 241.087 -1794.65 
v 1612.19 239.41 -1794.56 
v 1613.32 240.771 -1795.54 
v 1613.41 239.909 -1793.16 
v 1604.25 240.41 -1781.42 
v 1598.07 240.409 -1788.53 
v 1599.38 238.418 -1787.02 
v 1588.61 240.408 -1780.3 
v 1598.07 240.409 -1788.53 
v 1589.92 238.417 -1778.8 
v 1601.16 237.689 -1784.97 
v 1589.92 238.417 -1778.8 
v 1599.38 238.418 -1787.02 
v 1591.7 237.688 -1776.75 
v 1602.94 238.418 -1782.92 
v 1591.7 237.688 -1776.75 
v 1601.16 237.689 -1784.97 
v 1593.48 238.418 -1774.69 
v 1604.25 240.41 -1781.42 
v 1593.48 238.418 -1774.69 
v 1602.94 238.418 -1782.92 
v 1594.79 240.409 -1773.19 
v 1604.85 239.908 -1785.72 
v 1612.19 239.41 -1794.56 
v 1603.63 239.41 -1787.12 
v 1610.97 239.909 -1795.96 
v 1602.41 239.908 -1788.52 
v 1613.41 239.909 -1793.16 
v 1604.85 239.908 -1785.72 
v 1612.19 239.41 -1794.56 
v 1603.63 239.41 -1787.12 
v 1604.25 240.41 -1781.42 
v 1604.85 239.908 -1785.72 
v 1602.94 238.418 -1782.92 
v 1604.85 239.908 -1785.72 
v 1601.16 237.689 -1784.97 
v 1603.63 239.41 -1787.12 
v 1602.94 238.418 -1782.92 
v 1603.63 239.41 -1787.12 
v 1601.16 237.689 -1784.97 
v 1602.41 239.908 -1788.52 
v 1599.38 238.418 -1787.02 
v 1602.41 239.908 -1788.52 
v 1598.07 240.409 -1788.53 
v 1599.38 238.418 -1787.02 
v 1594.79 245.849 -1773.19 
v 1594.79 240.409 -1773.19 
v 1614.66 244.31 -1794 
v 1614.63 243.131 -1791.75 
v 1614.87 243.13 -1793.76 
v 1614.3 244.99 -1792.13 
v 1614.66 241.951 -1794 
v 1614.87 243.13 -1793.76 
v 1614.63 243.131 -1791.75 
v 1614.3 241.271 -1792.13 
v 1604.73 243.13 -1780.87 
v 1594.79 240.409 -1773.19 
v 1604.25 240.41 -1781.42 
v 1595.27 243.129 -1772.64 
v 1604.25 245.85 -1781.42 
v 1595.27 243.129 -1772.64 
v 1604.73 243.13 -1780.87 
v 1594.79 245.849 -1773.19 
v 1614.3 244.99 -1792.13 
v 1605.74 244.99 -1784.69 
v 1614.63 243.131 -1791.75 
v 1606.07 243.13 -1784.31 
v 1604.85 246.351 -1785.72 
v 1614.3 244.99 -1792.13 
v 1605.74 244.99 -1784.69 
v 1614.3 241.271 -1792.13 
v 1605.74 241.27 -1784.69 
v 1613.41 239.909 -1793.16 
v 1604.85 239.908 -1785.72 
v 1614.63 243.131 -1791.75 
v 1606.07 243.13 -1784.31 
v 1614.3 241.271 -1792.13 
v 1605.74 241.27 -1784.69 
v 1604.85 246.351 -1785.72 
v 1604.25 245.85 -1781.42 
v 1605.74 244.99 -1784.69 
v 1605.74 244.99 -1784.69 
v 1604.73 243.13 -1780.87 
v 1606.07 243.13 -1784.31 
v 1604.25 245.85 -1781.42 
v 1605.74 241.27 -1784.69 
v 1604.25 240.41 -1781.42 
v 1604.85 239.908 -1785.72 
v 1606.07 243.13 -1784.31 
v 1604.73 243.13 -1780.87 
v 1605.74 241.27 -1784.69 
v 1604.25 240.41 -1781.42 

vn -0.755906 0 0.653543 
vn -0.755906 0 0.653543 
vn -0.755906 0 0.653543 
vn -0.755906 0 0.653543 
vn -0.755906 0 0.653543 
vn -0.755906 0 0.653543 
vn -0.755906 0 0.653543 
vn -0.755906 0 0.653543 
vn -0.755906 0 0.653543 
vn -0.755906 0 0.653543 
vn -0.755906 0 0.653543 
vn -0.755906 0 0.653543 
vn -0.755906 0 0.653543 
vn -0.755906 0 0.653543 
vn -0.755906 0 0.653543 
vn -0.755906 0 0.653543 
vn -0.755906 0 0.653543 
vn 0.755906 0 -0.653543 
vn 0.370079 0.724409 -0.582677 
vn 0.370079 0.724409 -0.582677 
vn 0.370079 0.724409 -0.582677 
vn 0.370079 0.724409 -0.582677 
vn 0.976378 0.19685 0.11811 
vn 0.976378 0.19685 0.11811 
vn 0.622047 0.724409 -0.283465 
vn 0.622047 0.724409 -0.283465 
vn 0.622047 0.724409 -0.283465 
vn 0.622047 0.724409 -0.283465 
vn 0.023622 -0.19685 -0.984252 
vn 0.637795 0.259843 0.732283 
vn 0.464567 0.708661 0.535433 
vn 0.464567 0.708661 0.535433 
vn 0.464567 0.708661 0.535433 
vn 0.464567 0.708661 0.535433 
vn 0.173228 0.968504 0.19685 
vn 0.173228 0.968504 0.19685 
vn 0.173228 0.968504 0.19685 
vn 0.173228 0.968504 0.19685 
vn -0.173228 0.968504 -0.19685 
vn -0.173228 0.968504 -0.19685 
vn -0.173228 0.968504 -0.19685 
vn -0.173228 0.968504 -0.19685 
vn -0.464567 0.708661 -0.535433 
vn -0.464567 0.708661 -0.535433 
vn -0.464567 0.708661 -0.535433 
vn -0.464567 0.708661 -0.535433 
vn 0.637795 0.259843 0.732283 
vn 0.464567 0.708661 0.535433 
vn 0.464567 0.708661 0.535433 
vn 0.464567 0.708661 0.535433 
vn 0.165354 0.968504 0.19685 
vn 0.165354 0.968504 0.19685 
vn 0.165354 0.968504 0.19685 
vn 0.165354 0.968504 0.19685 
vn -0.173228 0.968504 -0.19685 
vn -0.173228 0.968504 -0.19685 
vn -0.173228 0.968504 -0.19685 
vn -0.173228 0.968504 -0.19685 
vn -0.464567 0.708661 -0.535433 
vn 0.188976 0.858268 -0.472441 
vn 0.188976 0.858268 -0.472441 
vn 0.188976 0.858268 -0.472441 
vn 0.188976 0.858268 -0.472441 
vn 0.496063 0.858268 -0.125984 
vn 0.496063 0.858268 -0.125984 
vn 0.496063 0.858268 -0.125984 
vn 0.496063 0.858268 -0.125984 
vn 0.755906 0.629921 0.181102 
vn 0.755906 0.629921 0.181102 
vn 0.755906 0.629921 0.181102 
vn -0.0708661 0.629921 -0.771654 
vn -0.0708661 0.629921 -0.771654 
vn -0.0708661 0.629921 -0.771654 
vn -0.755906 0 0.653543 
vn -0.755906 0 0.653543 
vn -0.755906 0 0.653543 
vn -0.755906 0 0.653543 
vn 0.755906 0 -0.653543 
vn 0.370079 0.724409 -0.582677 
vn 0.370079 0.724409 -0.582677 
vn 0.370079 -0.724409 -0.582677 
vn 0.023622 -0.19685 -0.984252 
vn 0.023622 -0.19685 -0.984252 
vn 0.023622 -0.19685 -0.984252 
vn 0.023622 -0.19685 -0.984252 
vn 0.023622 0.19685 -0.984252 
vn 0.023622 0.19685 -0.984252 
vn 0.023622 0.19685 -0.984252 
vn 0.023622 0.19685 -0.984252 
vn -0.173228 0.968504 -0.19685 
vn -0.464567 0.708661 -0.535433 
vn -0.637795 -0.259843 -0.732283 
vn -0.637795 -0.259843 -0.732283 
vn -0.637795 -0.259843 -0.732283 
vn -0.637795 -0.259843 -0.732283 
vn -0.464567 -0.708661 -0.535433 
vn -0.637795 0.259843 -0.732283 
vn -0.637795 0.259843 -0.732283 
vn -0.637795 0.259843 -0.732283 
vn -0.637795 0.259843 -0.732283 
vn -0.464567 0.708661 -0.535433 
vn -0.464567 0.708661 -0.535433 
vn -0.464567 0.708661 -0.535433 
vn -0.464567 0.708661 -0.535433 
vn -0.637795 0.259843 -0.732283 
vn -0.637795 0.259843 -0.732283 
vn -0.637795 0.259843 -0.732283 
vn -0.637795 0.259843 -0.732283 
vn -0.173228 -0.968504 -0.19685 
vn -0.637795 -0.259843 -0.732283 
vn -0.637795 -0.259843 -0.732283 
vn -0.637795 -0.259843 -0.732283 
vn -0.637795 -0.259843 -0.732283 
vn -0.464567 -0.708661 -0.535433 
vn -0.464567 -0.708661 -0.535433 
vn -0.464567 -0.708661 -0.535433 
vn -0.464567 -0.708661 -0.535433 
vn -0.220472 0.228346 -0.944882 
vn -0.220472 0.228346 -0.944882 
vn -0.220472 0.228346 -0.944882 
vn -0.220472 0.228346 -0.944882 
vn -0.220472 -0.228346 -0.944882 
vn -0.220472 -0.228346 -0.944882 
vn -0.220472 -0.228346 -0.944882 
vn -0.220472 -0.228346 -0.944882 
vn -0.0708661 0.629921 -0.771654 
vn -0.0708661 0.629921 -0.771654 
vn -0.0708661 0.629921 -0.771654 
vn -0.0708661 -0.629921 -0.771654 
vn -0.0708661 -0.629921 -0.771654 
vn -0.0708661 -0.629921 -0.771654 
vn 0.755906 0 -0.653543 
vn 0.755906 0 -0.653543 
vn 0.755906 0 -0.653543 
vn 0.755906 0 -0.653543 
vn 0.755906 0 -0.653543 
vn 0.755906 0 -0.653543 
vn 0.755906 0 -0.653543 
vn 0.755906 0 -0.653543 
vn 0.755906 0 -0.653543 
vn 0.755906 0 -0.653543 
vn 0.755906 0 -0.653543 
vn 0.755906 0 -0.653543 
vn 0.370079 0.724409 -0.582677 
vn 0.370079 0.724409 -0.582677 
vn 0.976378 0.19685 0.11811 
vn 0.976378 0.19685 0.11811 
vn 0.84252 0.535433 -0.0314961 
vn 0.84252 0.535433 -0.0314961 
vn 0.84252 0.535433 -0.0314961 
vn 0.84252 0.535433 -0.0314961 
vn 0.976378 -0.19685 0.11811 
vn 0.370079 -0.724409 -0.582677 
vn 0.370079 -0.724409 -0.582677 
vn 0.149606 0.535433 -0.834646 
vn 0.149606 0.535433 -0.834646 
vn 0.149606 0.535433 -0.834646 
vn 0.149606 0.535433 -0.834646 
vn 0.023622 -0.19685 -0.984252 
vn 0.84252 -0.535433 -0.0314961 
vn 0.84252 -0.535433 -0.0314961 
vn 0.84252 -0.535433 -0.0314961 
vn 0.84252 -0.535433 -0.0314961 
vn 0.149606 -0.535433 -0.834646 
vn 0.149606 -0.535433 -0.834646 
vn 0.149606 -0.535433 -0.834646 
vn 0.149606 -0.535433 -0.834646 
vn -0.755906 0 0.653543 
vn -0.755906 0 0.653543 
vn -0.755906 0 0.653543 
vn -0.755906 0 0.653543 
vn -0.755906 0 0.653543 
vn 0.976378 -0.19685 0.11811 
vn 0.370079 -0.724409 -0.582677 
vn 0.370079 -0.724409 -0.582677 
vn 0.370079 -0.724409 -0.582677 
vn 0.370079 -0.724409 -0.582677 
vn 0.622047 -0.724409 -0.283465 
vn 0.622047 -0.724409 -0.283465 
vn 0.622047 -0.724409 -0.283465 
vn 0.622047 -0.724409 -0.283465 
vn 0.637795 -0.259843 0.732283 
vn -0.637795 -0.259843 -0.732283 
vn -0.464567 -0.708661 -0.535433 
vn -0.464567 -0.708661 -0.535433 
vn -0.464567 -0.708661 -0.535433 
vn -0.464567 -0.708661 -0.535433 
vn -0.173228 -0.968504 -0.19685 
vn -0.173228 -0.968504 -0.19685 
vn -0.173228 -0.968504 -0.19685 
vn -0.173228 -0.968504 -0.19685 
vn 0.173228 -0.968504 0.19685 
vn 0.173228 -0.968504 0.19685 
vn 0.173228 -0.968504 0.19685 
vn 0.173228 -0.968504 0.19685 
vn 0.464567 -0.708661 0.535433 
vn 0.464567 -0.708661 0.535433 
vn 0.464567 -0.708661 0.535433 
vn 0.464567 -0.708661 0.535433 
vn 0.464567 -0.708661 0.535433 
vn -0.173228 -0.968504 -0.19685 
vn -0.173228 -0.968504 -0.19685 
vn -0.173228 -0.968504 -0.19685 
vn -0.173228 -0.968504 -0.19685 
vn 0.173228 -0.968504 0.19685 
vn 0.173228 -0.968504 0.19685 
vn 0.173228 -0.968504 0.19685 
vn 0.173228 -0.968504 0.19685 
vn 0.755906 -0.629921 0.181102 
vn 0.755906 -0.629921 0.181102 
vn 0.755906 -0.629921 0.181102 
vn 0.496063 -0.858268 -0.125984 
vn 0.496063 -0.858268 -0.125984 
vn 0.496063 -0.858268 -0.125984 
vn 0.496063 -0.858268 -0.125984 
vn 0.188976 -0.858268 -0.472441 
vn 0.188976 -0.858268 -0.472441 
vn 0.188976 -0.858268 -0.472441 
vn 0.188976 -0.858268 -0.472441 
vn -0.0708661 -0.629921 -0.771654 
vn -0.0708661 -0.629921 -0.771654 
vn -0.0708661 -0.629921 -0.771654 
vn -0.755906 0 0.653543 
vn -0.755906 0 0.653543 
vn 0.976378 0.19685 0.11811 
vn 0.976378 0.19685 0.11811 
vn 0.976378 0.19685 0.11811 
vn 0.976378 0.19685 0.11811 
vn 0.976378 -0.19685 0.11811 
vn 0.976378 -0.19685 0.11811 
vn 0.976378 -0.19685 0.11811 
vn 0.976378 -0.19685 0.11811 
vn 0.637795 -0.259843 0.732283 
vn 0.637795 -0.259843 0.732283 
vn 0.637795 -0.259843 0.732283 
vn 0.637795 -0.259843 0.732283 
vn 0.637795 0.259843 0.732283 
vn 0.637795 0.259843 0.732283 
vn 0.637795 0.259843 0.732283 
vn 0.637795 0.259843 0.732283 
vn 0.637795 0.259843 0.732283 
vn 0.637795 0.259843 0.732283 
vn 0.637795 0.259843 0.732283 
vn 0.637795 0.259843 0.732283 
vn 0.464567 0.708661 0.535433 
vn 0.464567 0.708661 0.535433 
vn 0.464567 0.708661 0.535433 
vn 0.464567 -0.708661 0.535433 
vn 0.464567 -0.708661 0.535433 
vn 0.464567 -0.708661 0.535433 
vn 0.464567 -0.708661 0.535433 
vn 0.637795 -0.259843 0.732283 
vn 0.637795 -0.259843 0.732283 
vn 0.637795 -0.259843 0.732283 
vn 0.637795 -0.259843 0.732283 
vn 0.755906 0.629921 0.181102 
vn 0.755906 0.629921 0.181102 
vn 0.755906 0.629921 0.181102 
vn 0.905512 0.228346 0.354331 
vn 0.905512 0.228346 0.354331 
vn 0.905512 0.228346 0.354331 
vn 0.905512 0.228346 0.354331 
vn 0.755906 -0.629921 0.181102 
vn 0.755906 -0.629921 0.181102 
vn 0.755906 -0.629921 0.181102 
vn 0.905512 -0.228346 0.354331 
vn 0.905512 -0.228346 0.354331 
vn 0.905512 -0.228346 0.354331 
vn 0.905512 -0.228346 0.354331 

vt -0.680014 2.17782 
vt 1.17782 1.68001 
vt 0.680015 2.17782 
vt 1.97434e-07 2.36003 
vt 1.17782 0.319986 
vt 1.36003 1 
vt -1.17782 0.319986 
vt -1.17782 1.68001 
vt -1.36003 1 
vt -0.680014 -0.177819 
vt 0.680015 -0.177819 
vt 3.59562e-07 -0.36003 
vt -3.58123 1.68001 
vt -3.58122 -0.17782 
vt -3.58122 0.319985 
vt -3.58122 1 
vt -3.58123 2.17782 
vt 3.58123 1.29493 
vt 3.58123 1.29493 
vt 3.20646 1 
vt 3.58123 1 
vt 3.20646 1.46498 
vt 3.20646 0.070052 
vt 3.20646 0.194642 
vt 3.58123 0.705072 
vt 3.58123 1 
vt 3.20646 1 
vt 3.20646 0.535026 
vt 3.20646 1.92995 
vt -0.447675 -0.17782 
vt -0.447675 0.319986 
vt -3.58122 -0.17782 
vt -0.447675 -0.17782 
vt -3.58122 0.319985 
vt -0.447675 1 
vt -3.58122 0.319985 
vt -0.447675 0.319986 
vt -3.58122 1 
vt -0.447676 1.68001 
vt -3.58122 1 
vt -0.447675 1 
vt -3.58123 1.68001 
vt -0.447676 1.68001 
vt -3.58123 2.17782 
vt -3.58123 1.68001 
vt -0.447676 2.17782 
vt 0.370832 0.194641 
vt 3.20646 0.535026 
vt 0.370832 0.535026 
vt 3.20646 0.194642 
vt 3.20646 1 
vt 0.370832 1 
vt 3.20646 0.535026 
vt 0.370832 0.535026 
vt 3.20646 1.46498 
vt 0.370832 1.46497 
vt 3.20646 1 
vt 0.370832 1 
vt 0.370832 1.80536 
vt 0.370832 1.46497 
vt -0.447675 1 
vt 0.370832 1 
vt -0.447676 1.68001 
vt 0.370832 1 
vt -0.447675 1 
vt 0.370832 0.535026 
vt -0.447675 0.319986 
vt 0.370832 0.535026 
vt -0.447675 -0.17782 
vt -0.447675 0.319986 
vt -0.447676 2.17782 
vt 0.370832 1.46497 
vt -0.447676 1.68001 
vt 3.58123 2.17782 
vt 3.58123 0.319986 
vt 3.58123 1.68001 
vt 3.58123 -0.177819 
vt -3.58123 1.51083 
vt -3.20646 1.92995 
vt -3.20646 1.80536 
vt -3.20646 0.19464 
vt -3.58123 0.705072 
vt -3.20646 1 
vt -3.58123 1 
vt -3.20646 0.535025 
vt -3.58123 1.29493 
vt -3.58123 1 
vt -3.20646 1 
vt -3.20646 1.46497 
vt 0.447676 2.17782 
vt 0.447676 1.68001 
vt 0.447676 1 
vt 3.58123 0.319986 
vt 3.58123 1 
vt 0.447676 0.319986 
vt 0.447676 -0.177819 
vt 0.447676 1.68001 
vt 3.58123 1 
vt 3.58123 1.68001 
vt 0.447676 1 
vt -3.20646 1.46497 
vt -0.370832 1.46497 
vt -3.20646 1.80536 
vt -0.370832 1.80536 
vt -3.20646 1 
vt -0.370832 1.46497 
vt -3.20646 1.46497 
vt -0.370832 1 
vt -0.370832 0.19464 
vt -3.20646 0.535025 
vt -0.370832 1 
vt -3.20646 1 
vt -0.370832 0.535025 
vt -3.20646 0.19464 
vt -0.370832 0.535025 
vt -3.20646 0.535025 
vt -0.370832 0.19464 
vt -0.370832 1 
vt 0.447676 1 
vt -0.370832 1.46497 
vt 0.447676 1.68001 
vt -0.370832 0.535025 
vt 0.447676 1 
vt -0.370832 1 
vt 0.447676 0.319986 
vt -0.370832 1.46497 
vt 0.447676 1.68001 
vt -0.370832 1.80536 
vt -0.370832 0.19464 
vt 0.447676 0.319986 
vt -0.370832 0.535025 
vt 0.589858 1 
vt -0.589856 1 
vt 8.54741e-07 0.410142 
vt -0.51083 0.705072 
vt -0.294928 0.489169 
vt 0.510832 0.705072 
vt 0.294929 0.489169 
vt -0.294928 1.51083 
vt -0.51083 1.29493 
vt 0.294929 1.51083 
vt 9.25058e-07 1.58986 
vt 0.510832 1.29493 
vt 8.85128e-07 1.92995 
vt 0.464975 1.80536 
vt -0.929948 1 
vt -0.805358 1.46497 
vt -0.805358 1.46497 
vt -0.294928 1.51083 
vt -0.464974 1.80536 
vt -0.51083 1.29493 
vt -0.805358 0.535025 
vt 7.7427e-07 0.0700507 
vt 0.464975 0.19464 
vt 0.80536 1.46497 
vt 0.294929 1.51083 
vt 0.510832 1.29493 
vt 0.464975 1.80536 
vt 0.92995 1 
vt -0.464974 0.19464 
vt -0.51083 0.705072 
vt -0.805358 0.535025 
vt -0.294928 0.489169 
vt 0.510832 0.705072 
vt 0.294929 0.489169 
vt 0.464975 0.19464 
vt 0.80536 0.535025 
vt 3.58122 -0.17782 
vt 3.58123 2.17782 
vt 3.58123 1.68001 
vt 3.58122 0.319985 
vt 3.58123 1 
vt -3.20646 0.194642 
vt -3.58123 1.29493 
vt -3.58123 1 
vt -3.20646 1 
vt -3.20646 1.46498 
vt -3.58123 0.705072 
vt -3.20646 1 
vt -3.58123 1 
vt -3.20646 0.535026 
vt 0.447675 -0.17782 
vt 0.447676 2.17782 
vt 0.447676 1.68001 
vt 3.58123 2.17782 
vt 0.447676 2.17782 
vt 3.58123 1.68001 
vt 0.447676 1 
vt 3.58123 1.68001 
vt 0.447676 1.68001 
vt 3.58123 1 
vt 0.447675 0.319986 
vt 3.58123 1 
vt 0.447676 1 
vt 3.58122 0.319985 
vt 0.447675 -0.17782 
vt 3.58122 0.319985 
vt 0.447675 0.319986 
vt 3.58122 -0.17782 
vt -0.370832 0.535026 
vt -3.20646 1 
vt -0.370832 1 
vt -3.20646 1.46498 
vt -0.370832 1.46497 
vt -3.20646 0.535026 
vt -0.370832 0.535026 
vt -3.20646 1 
vt -0.370832 1 
vt 0.447675 -0.17782 
vt -0.370832 0.535026 
vt 0.447675 0.319986 
vt -0.370832 0.535026 
vt 0.447676 1 
vt -0.370832 1 
vt 0.447675 0.319986 
vt -0.370832 1 
vt 0.447676 1 
vt -0.370832 1.46497 
vt 0.447676 1.68001 
vt -0.370832 1.46497 
vt 0.447676 2.17782 
vt 0.447676 1.68001 
vt -3.58122 1.68001 
vt -3.58122 0.319986 
vt 3.58123 1.29493 
vt 3.20646 1 
vt 3.58123 1 
vt 3.20646 1.46497 
vt 3.58123 0.705072 
vt 3.58123 1 
vt 3.20646 1 
vt 3.20646 0.535025 
vt -0.447675 1 
vt -3.58122 0.319986 
vt -0.447675 0.319986 
vt -3.58122 1 
vt -0.447675 1.68001 
vt -3.58122 1 
vt -0.447675 1 
vt -3.58122 1.68001 
vt 3.20646 1.46497 
vt 0.370832 1.46497 
vt 3.20646 1 
vt 0.370832 1 
vt 0.370832 1.80536 
vt 3.20646 1.46497 
vt 0.370832 1.46497 
vt 3.20646 0.535025 
vt 0.370832 0.535025 
vt 3.20646 0.19464 
vt 0.370832 0.19464 
vt 3.20646 1 
vt 0.370832 1 
vt 3.20646 0.535025 
vt 0.370832 0.535025 
vt 0.370832 1.80536 
vt -0.447675 1.68001 
vt 0.370832 1.46497 
vt 0.370832 1.46497 
vt -0.447675 1 
vt 0.370832 1 
vt -0.447675 1.68001 
vt 0.370832 0.535025 
vt -0.447675 0.319986 
vt 0.370832 0.19464 
vt 0.370832 1 
vt -0.447675 1 
vt 0.370832 0.535025 
vt -0.447675 0.319986 

usemtl Cube0021Mtl

f 1346/1346/1346 1347/1347/1347 1348/1348/1348 
f 1346/1346/1346 1348/1348/1348 1349/1349/1349 
f 1350/1350/1350 1347/1347/1347 1346/1346/1346 
f 1347/1347/1347 1350/1350/1350 1351/1351/1351 
f 1346/1346/1346 1352/1352/1352 1350/1350/1350 
f 1353/1353/1353 1352/1352/1352 1346/1346/1346 
f 1352/1352/1352 1353/1353/1353 1354/1354/1354 
f 1350/1350/1350 1352/1352/1352 1355/1355/1355 
f 1355/1355/1355 1356/1356/1356 1350/1350/1350 
f 1356/1356/1356 1355/1355/1355 1357/1357/1357 
f 1364/1364/1364 1365/1365/1365 1366/1366/1366 
f 1365/1365/1365 1364/1364/1364 1367/1367/1367 
f 1370/1370/1370 1371/1371/1371 1372/1372/1372 
f 1372/1372/1372 1373/1373/1373 1370/1370/1370 
f 1376/1376/1376 1377/1377/1377 1378/1378/1378 
f 1377/1377/1377 1376/1376/1376 1379/1379/1379 
f 1380/1380/1380 1381/1381/1381 1382/1382/1382 
f 1381/1381/1381 1380/1380/1380 1383/1383/1383 
f 1384/1384/1384 1385/1385/1385 1386/1386/1386 
f 1385/1385/1385 1384/1384/1384 1387/1387/1387 
f 1388/1388/1388 1389/1389/1389 1390/1390/1390 
f 1389/1389/1389 1388/1388/1388 1391/1391/1391 
f 1393/1393/1393 1394/1394/1394 1395/1395/1395 
f 1396/1396/1396 1397/1397/1397 1398/1398/1398 
f 1398/1398/1398 1397/1397/1397 1399/1399/1399 
f 1400/1400/1400 1401/1401/1401 1402/1402/1402 
f 1402/1402/1402 1401/1401/1401 1403/1403/1403 
f 1405/1405/1405 1406/1406/1406 1407/1407/1407 
f 1406/1406/1406 1405/1405/1405 1408/1408/1408 
f 1409/1409/1409 1410/1410/1410 1411/1411/1411 
f 1410/1410/1410 1412/1412/1412 1411/1411/1411 
f 1414/1414/1414 1413/1413/1413 1415/1415/1415 
f 1416/1416/1416 1418/1418/1418 1417/1417/1417 
f 1427/1427/1427 1428/1428/1428 1429/1429/1429 
f 1428/1428/1428 1427/1427/1427 1430/1430/1430 
f 1431/1431/1431 1432/1432/1432 1433/1433/1433 
f 1433/1433/1433 1434/1434/1434 1431/1431/1431 
f 1437/1437/1437 1438/1438/1438 1439/1439/1439 
f 1438/1438/1438 1437/1437/1437 1440/1440/1440 
f 1442/1442/1442 1443/1443/1443 1444/1444/1444 
f 1443/1443/1443 1442/1442/1442 1445/1445/1445 
f 1446/1446/1446 1447/1447/1447 1448/1448/1448 
f 1448/1448/1448 1447/1447/1447 1449/1449/1449 
f 1450/1450/1450 1451/1451/1451 1452/1452/1452 
f 1451/1451/1451 1450/1450/1450 1453/1453/1453 
f 1455/1455/1455 1456/1456/1456 1457/1457/1457 
f 1456/1456/1456 1455/1455/1455 1458/1458/1458 
f 1459/1459/1459 1460/1460/1460 1461/1461/1461 
f 1460/1460/1460 1459/1459/1459 1462/1462/1462 
f 1463/1463/1463 1464/1464/1464 1465/1465/1465 
f 1464/1464/1464 1466/1466/1466 1465/1465/1465 
f 1467/1467/1467 1468/1468/1468 1469/1469/1469 
f 1468/1468/1468 1467/1467/1467 1470/1470/1470 
f 1471/1471/1471 1472/1472/1472 1473/1473/1473 
f 1474/1474/1474 1475/1475/1475 1476/1476/1476 
f 1477/1477/1477 1478/1478/1478 1479/1479/1479 
f 1479/1479/1479 1478/1478/1478 1480/1480/1480 
f 1479/1479/1479 1480/1480/1480 1481/1481/1481 
f 1477/1477/1477 1479/1479/1479 1482/1482/1482 
f 1482/1482/1482 1479/1479/1479 1483/1483/1483 
f 1478/1478/1478 1477/1477/1477 1484/1484/1484 
f 1478/1478/1478 1484/1484/1484 1485/1485/1485 
f 1477/1477/1477 1486/1486/1486 1484/1484/1484 
f 1484/1484/1484 1486/1486/1486 1487/1487/1487 
f 1486/1486/1486 1477/1477/1477 1488/1488/1488 
f 1493/1493/1493 1494/1494/1494 1495/1495/1495 
f 1494/1494/1494 1493/1493/1493 1496/1496/1496 
f 1500/1500/1500 1501/1501/1501 1502/1502/1502 
f 1501/1501/1501 1500/1500/1500 1503/1503/1503 
f 1505/1505/1505 1506/1506/1506 1507/1507/1507 
f 1506/1506/1506 1505/1505/1505 1508/1508/1508 
f 1509/1509/1509 1510/1510/1510 1511/1511/1511 
f 1511/1511/1511 1512/1512/1512 1509/1509/1509 
f 1519/1519/1519 1520/1520/1520 1521/1521/1521 
f 1521/1521/1521 1522/1522/1522 1519/1519/1519 
f 1523/1523/1523 1524/1524/1524 1525/1525/1525 
f 1524/1524/1524 1523/1523/1523 1526/1526/1526 
f 1529/1529/1529 1530/1530/1530 1531/1531/1531 
f 1530/1530/1530 1529/1529/1529 1532/1532/1532 
f 1533/1533/1533 1534/1534/1534 1535/1535/1535 
f 1534/1534/1534 1533/1533/1533 1536/1536/1536 
f 1537/1537/1537 1538/1538/1538 1539/1539/1539 
f 1538/1538/1538 1537/1537/1537 1540/1540/1540 
f 1541/1541/1541 1542/1542/1542 1543/1543/1543 
f 1542/1542/1542 1541/1541/1541 1544/1544/1544 
f 1546/1546/1546 1547/1547/1547 1548/1548/1548 
f 1548/1548/1548 1547/1547/1547 1549/1549/1549 
f 1550/1550/1550 1551/1551/1551 1552/1552/1552 
f 1552/1552/1552 1551/1551/1551 1553/1553/1553 
f 1554/1554/1554 1556/1556/1556 1555/1555/1555 
f 1557/1557/1557 1558/1558/1558 1559/1559/1559 
f 1558/1558/1558 1557/1557/1557 1560/1560/1560 
f 1561/1561/1561 1562/1562/1562 1563/1563/1563 
f 1562/1562/1562 1564/1564/1564 1563/1563/1563 
f 1566/1566/1566 1565/1565/1565 1567/1567/1567 
f 1570/1570/1570 1571/1571/1571 1572/1572/1572 
f 1571/1571/1571 1570/1570/1570 1573/1573/1573 
f 1574/1574/1574 1575/1575/1575 1576/1576/1576 
f 1576/1576/1576 1577/1577/1577 1574/1574/1574 
f 1578/1578/1578 1579/1579/1579 1580/1580/1580 
f 1579/1579/1579 1578/1578/1578 1581/1581/1581 
f 1582/1582/1582 1583/1583/1583 1584/1584/1584 
f 1583/1583/1583 1582/1582/1582 1585/1585/1585 
f 1586/1586/1586 1587/1587/1587 1588/1588/1588 
f 1588/1588/1588 1587/1587/1587 1589/1589/1589 
f 1591/1591/1591 1590/1590/1590 1592/1592/1592 
f 1593/1593/1593 1594/1594/1594 1595/1595/1595 
f 1595/1595/1595 1594/1594/1594 1596/1596/1596 
f 1597/1597/1597 1598/1598/1598 1599/1599/1599 
f 1599/1599/1599 1598/1598/1598 1600/1600/1600 
f 1601/1601/1601 1602/1602/1602 1603/1603/1603 
f 1604/1604/1604 1605/1605/1605 1606/1606/1606 
f 1605/1605/1605 1604/1604/1604 1607/1607/1607 
f 1608/1608/1608 1609/1609/1609 1610/1610/1610 
f 1611/1611/1611 1612/1612/1612 1613/1613/1613 
f 1612/1612/1612 1614/1614/1614 1613/1613/1613 

g Cube0111

v 1626.43 212.371 -1768.13 
v 1607.13 244.503 -1790.34 
v 1606.24 243.144 -1791.36 
v 1627.32 213.73 -1767.11 
v 1607.13 244.503 -1790.34 
v 1608.17 243.145 -1793.04 
v 1606.24 243.144 -1791.36 
v 1609.06 244.503 -1792.02 
v 1608.17 243.145 -1793.04 
v 1628.37 212.371 -1769.82 
v 1626.43 212.371 -1768.13 
v 1606.24 243.144 -1791.36 
v 1609.06 244.503 -1792.02 
v 1628.37 212.371 -1769.82 
v 1608.17 243.145 -1793.04 
v 1629.26 213.73 -1768.79 
v 1626.43 212.371 -1768.13 
v 1628.37 212.371 -1769.82 
v 1629.26 213.73 -1768.79 
v 1627.32 213.73 -1767.11 
v 1607.13 244.503 -1790.34 
v 1629.26 213.73 -1768.79 
v 1609.06 244.503 -1792.02 
v 1627.32 213.73 -1767.11 

vn -0.755906 0 0.653543 
vn -0.755906 0 0.653543 
vn -0.755906 0 0.653543 
vn -0.755906 0 0.653543 
vn -0.464567 0.708661 -0.535433 
vn -0.464567 0.708661 -0.535433 
vn -0.464567 0.708661 -0.535433 
vn -0.464567 0.708661 -0.535433 
vn -0.464567 -0.708661 -0.535433 
vn -0.464567 -0.708661 -0.535433 
vn -0.464567 -0.708661 -0.535433 
vn -0.464567 -0.708661 -0.535433 
vn 0.755906 0 -0.653543 
vn 0.755906 0 -0.653543 
vn 0.755906 0 -0.653543 
vn 0.755906 0 -0.653543 
vn 0.464567 -0.708661 0.535433 
vn 0.464567 -0.708661 0.535433 
vn 0.464567 -0.708661 0.535433 
vn 0.464567 -0.708661 0.535433 
vn 0.464567 0.708661 0.535433 
vn 0.464567 0.708661 0.535433 
vn 0.464567 0.708661 0.535433 
vn 0.464567 0.708661 0.535433 

vt 3.67722 -3.01678 
vt -3.67722 5.01678 
vt -4.01678 4.67722 
vt 4.01678 -2.67722 
vt 0.320415 5.01678 
vt -0.320416 4.67722 
vt 0.320415 4.67722 
vt -0.320416 5.01678 
vt -0.320416 4.67722 
vt -0.320416 -3.01678 
vt 0.320415 -3.01678 
vt 0.320415 4.67722 
vt 3.67722 5.01678 
vt -3.67722 -3.01678 
vt 4.01678 4.67722 
vt -4.01678 -2.67722 
vt 0.320415 -2.67722 
vt -0.320416 -2.67722 
vt -0.320416 -3.01678 
vt 0.320415 -3.01678 
vt -0.320415 5.01678 
vt 0.320416 -2.67722 
vt 0.320416 5.01678 
vt -0.320415 -2.67722 

usemtl Cube0021Mtl

f 1615/1615/1615 1616/1616/1616 1617/1617/1617 
f 1616/1616/1616 1615/1615/1615 1618/1618/1618 
f 1619/1619/1619 1620/1620/1620 1621/1621/1621 
f 1620/1620/1620 1619/1619/1619 1622/1622/1622 
f 1623/1623/1623 1624/1624/1624 1625/1625/1625 
f 1625/1625/1625 1626/1626/1626 1623/1623/1623 
f 1627/1627/1627 1628/1628/1628 1629/1629/1629 
f 1628/1628/1628 1627/1627/1627 1630/1630/1630 
f 1631/1631/1631 1632/1632/1632 1633/1633/1633 
f 1631/1631/1631 1633/1633/1633 1634/1634/1634 
f 1635/1635/1635 1636/1636/1636 1637/1637/1637 
f 1636/1636/1636 1635/1635/1635 1638/1638/1638 

g Cylinder0031

v 1579.68 224.359 -1758.16 
v 1587.72 221.462 -1756.1 
v 1587.72 224.36 -1756.1 
v 1579.68 221.461 -1758.16 
v 1573.52 224.358 -1763.71 
v 1579.68 221.461 -1758.16 
v 1579.68 224.359 -1758.16 
v 1573.52 221.46 -1763.71 
v 1570.66 224.358 -1771.5 
v 1573.52 221.46 -1763.71 
v 1573.52 224.358 -1763.71 
v 1570.66 221.46 -1771.5 
v 1604.14 224.361 -1779.42 
v 1576.51 224.358 -1786.5 
v 1579.68 224.359 -1758.16 
v 1602.05 224.361 -1763.45 
v 1605.06 224.361 -1771.17 
v 1595.79 224.361 -1758 
v 1587.72 224.36 -1756.1 
v 1599.49 224.36 -1786.29 
v 1573.52 224.358 -1763.71 
v 1592.18 224.359 -1790.21 
v 1583.89 224.359 -1790.29 
v 1570.66 224.358 -1771.5 
v 1571.73 224.358 -1779.72 
v 1571.73 224.358 -1779.72 
v 1570.66 221.46 -1771.5 
v 1570.66 224.358 -1771.5 
v 1571.73 221.459 -1779.72 
v 1576.51 224.358 -1786.5 
v 1571.73 221.459 -1779.72 
v 1571.73 224.358 -1779.72 
v 1576.51 221.46 -1786.5 
v 1592.18 224.359 -1790.21 
v 1583.89 221.46 -1790.29 
v 1583.89 224.359 -1790.29 
v 1592.18 221.461 -1790.21 
v 1583.89 224.359 -1790.29 
v 1576.51 221.46 -1786.5 
v 1576.51 224.358 -1786.5 
v 1583.89 221.46 -1790.29 
v 1605.06 224.361 -1771.17 
v 1604.14 221.463 -1779.42 
v 1604.14 224.361 -1779.42 
v 1605.06 221.463 -1771.17 
v 1604.14 224.361 -1779.42 
v 1599.49 221.462 -1786.29 
v 1599.49 224.36 -1786.29 
v 1604.14 221.463 -1779.42 
v 1599.49 224.36 -1786.29 
v 1592.18 221.461 -1790.21 
v 1592.18 224.359 -1790.21 
v 1599.49 221.462 -1786.29 
v 1579.68 221.461 -1758.16 
v 1576.51 221.46 -1786.5 
v 1604.14 221.463 -1779.42 
v 1602.05 221.463 -1763.45 
v 1605.06 221.463 -1771.17 
v 1595.79 221.463 -1758 
v 1587.72 221.462 -1756.1 
v 1599.49 221.462 -1786.29 
v 1573.52 221.46 -1763.71 
v 1592.18 221.461 -1790.21 
v 1583.89 221.46 -1790.29 
v 1570.66 221.46 -1771.5 
v 1571.73 221.459 -1779.72 
v 1587.72 224.36 -1756.1 
v 1595.79 221.463 -1758 
v 1595.79 224.361 -1758 
v 1587.72 221.462 -1756.1 
v 1595.79 224.361 -1758 
v 1602.05 221.463 -1763.45 
v 1602.05 224.361 -1763.45 
v 1595.79 221.463 -1758 
v 1602.05 224.361 -1763.45 
v 1605.06 221.463 -1771.17 
v 1605.06 224.361 -1771.17 
v 1602.05 221.463 -1763.45 

vn -0.251969 0 0.968504 
vn -0.251969 0 0.968504 
vn -0.251969 0 0.968504 
vn -0.251969 0 0.968504 
vn -0.669291 0 0.740157 
vn -0.669291 0 0.740157 
vn -0.669291 0 0.740157 
vn -0.669291 0 0.740157 
vn -0.937008 0 0.346457 
vn -0.937008 0 0.346457 
vn -0.937008 0 0.346457 
vn -0.937008 0 0.346457 
vn 0 1 0 
vn 0 1 0 
vn 0 1 0 
vn 0 1 0 
vn 0 1 0 
vn 0 1 0 
vn 0 1 0 
vn 0 1 0 
vn 0 1 0 
vn 0 1 0 
vn 0 1 0 
vn 0 1 0 
vn 0 1 0 
vn -0.992126 0 -0.133858 
vn -0.992126 0 -0.133858 
vn -0.992126 0 -0.133858 
vn -0.992126 0 -0.133858 
vn -0.818898 0 -0.574803 
vn -0.818898 0 -0.574803 
vn -0.818898 0 -0.574803 
vn -0.818898 0 -0.574803 
vn 0.00787402 0 -1 
vn 0.00787402 0 -1 
vn 0.00787402 0 -1 
vn 0.00787402 0 -1 
vn -0.456693 0 -0.889764 
vn -0.456693 0 -0.889764 
vn -0.456693 0 -0.889764 
vn -0.456693 0 -0.889764 
vn 0.992126 0 -0.110236 
vn 0.992126 0 -0.110236 
vn 0.992126 0 -0.110236 
vn 0.992126 0 -0.110236 
vn 0.826772 0 -0.559055 
vn 0.826772 0 -0.559055 
vn 0.826772 0 -0.559055 
vn 0.826772 0 -0.559055 
vn 0.472441 0 -0.88189 
vn 0.472441 0 -0.88189 
vn 0.472441 0 -0.88189 
vn 0.472441 0 -0.88189 
vn 0 -1 0 
vn 0 -1 0 
vn 0 -1 0 
vn 0 -1 0 
vn 0 -1 0 
vn 0 -1 0 
vn 0 -1 0 
vn 0 -1 0 
vn 0 -1 0 
vn 0 -1 0 
vn 0 -1 0 
vn 0 -1 0 
vn 0 -1 0 
vn 0.228346 0 0.976378 
vn 0.228346 0 0.976378 
vn 0.228346 0 0.976378 
vn 0.228346 0 0.976378 
vn 0.653543 0 0.755906 
vn 0.653543 0 0.755906 
vn 0.653543 0 0.755906 
vn 0.653543 0 0.755906 
vn 0.929134 0 0.362205 
vn 0.929134 0 0.362205 
vn 0.929134 0 0.362205 
vn 0.929134 0 0.362205 

vt 0.793658 1.17978 
vt 1.64058 0.820216 
vt 1.64058 1.17978 
vt 0.793658 0.820215 
vt -0.227922 1.17978 
vt 0.793658 0.820215 
vt 0.793658 1.17978 
vt -0.227922 0.820215 
vt -1.19013 1.17978 
vt -0.227922 0.820215 
vt -0.227922 1.17978 
vt -1.19013 0.820215 
vt 2.01033 0.206342 
vt -2.20172e-17 3.11881 
vt -2.01033 0.206342 
vt 0.514541 -1.11881 
vt 1.42575 -0.640576 
vt -0.514541 -1.11881 
vt -1.42575 -0.640576 
vt 2.13438 1.22792 
vt -2.13438 1.22792 
vt 1.76946 2.19013 
vt 0.999179 2.87254 
vt -1.76946 2.19013 
vt -0.999179 2.87254 
vt 0.999179 1.17978 
vt 1.76946 0.820215 
vt 1.76946 1.17978 
vt 0.999179 0.820215 
vt 2.20172e-17 1.17978 
vt 0.999179 0.820215 
vt 0.999179 1.17978 
vt -2.20173e-17 0.820215 
vt -1.76946 1.17978 
vt -0.999179 0.820215 
vt -0.999179 1.17978 
vt -1.76946 0.820215 
vt -0.999179 1.17978 
vt -2.20173e-17 0.820215 
vt 2.20172e-17 1.17978 
vt -0.999179 0.820215 
vt -1.64058 1.17978 
vt -0.793658 0.820215 
vt -0.793658 1.17978 
vt -1.64058 0.820216 
vt -0.793658 1.17978 
vt 0.227922 0.820215 
vt 0.227922 1.17978 
vt -0.793658 0.820215 
vt 0.227922 1.17978 
vt 1.19013 0.820215 
vt 1.19013 1.17978 
vt 0.227922 0.820215 
vt 2.01033 0.206342 
vt -2.20173e-17 3.11881 
vt -2.01033 0.206342 
vt -0.514541 -1.11881 
vt -1.42575 -0.640576 
vt 0.514541 -1.11881 
vt 1.42575 -0.640576 
vt -2.13438 1.22792 
vt 2.13438 1.22792 
vt -1.76946 2.19013 
vt -0.999179 2.87254 
vt 1.76946 2.19013 
vt 0.999179 2.87254 
vt -1.42575 1.17978 
vt -0.514541 0.820216 
vt -0.514541 1.17979 
vt -1.42575 0.820216 
vt -0.514541 1.17979 
vt 0.514541 0.820216 
vt 0.514541 1.17979 
vt -0.514541 0.820216 
vt 0.514541 1.17979 
vt 1.42575 0.820216 
vt 1.42575 1.17978 
vt 0.514541 0.820216 

usemtl Cylinder0021Mtl

f 1639/1639/1639 1640/1640/1640 1641/1641/1641 
f 1640/1640/1640 1639/1639/1639 1642/1642/1642 
f 1643/1643/1643 1644/1644/1644 1645/1645/1645 
f 1644/1644/1644 1643/1643/1643 1646/1646/1646 
f 1647/1647/1647 1648/1648/1648 1649/1649/1649 
f 1648/1648/1648 1647/1647/1647 1650/1650/1650 
f 1651/1651/1651 1652/1652/1652 1653/1653/1653 
f 1651/1651/1651 1654/1654/1654 1655/1655/1655 
f 1651/1651/1651 1656/1656/1656 1654/1654/1654 
f 1653/1653/1653 1656/1656/1656 1651/1651/1651 
f 1656/1656/1656 1653/1653/1653 1657/1657/1657 
f 1658/1658/1658 1652/1652/1652 1651/1651/1651 
f 1652/1652/1652 1659/1659/1659 1653/1653/1653 
f 1660/1660/1660 1652/1652/1652 1658/1658/1658 
f 1652/1652/1652 1660/1660/1660 1661/1661/1661 
f 1659/1659/1659 1652/1652/1652 1662/1662/1662 
f 1662/1662/1662 1652/1652/1652 1663/1663/1663 
f 1664/1664/1664 1665/1665/1665 1666/1666/1666 
f 1665/1665/1665 1664/1664/1664 1667/1667/1667 
f 1668/1668/1668 1669/1669/1669 1670/1670/1670 
f 1669/1669/1669 1668/1668/1668 1671/1671/1671 
f 1672/1672/1672 1673/1673/1673 1674/1674/1674 
f 1673/1673/1673 1672/1672/1672 1675/1675/1675 
f 1676/1676/1676 1677/1677/1677 1678/1678/1678 
f 1677/1677/1677 1676/1676/1676 1679/1679/1679 
f 1680/1680/1680 1681/1681/1681 1682/1682/1682 
f 1681/1681/1681 1680/1680/1680 1683/1683/1683 
f 1684/1684/1684 1685/1685/1685 1686/1686/1686 
f 1685/1685/1685 1684/1684/1684 1687/1687/1687 
f 1688/1688/1688 1689/1689/1689 1690/1690/1690 
f 1689/1689/1689 1688/1688/1688 1691/1691/1691 
f 1692/1692/1692 1693/1693/1693 1694/1694/1694 
f 1695/1695/1695 1694/1694/1694 1696/1696/1696 
f 1697/1697/1697 1694/1694/1694 1695/1695/1695 
f 1697/1697/1697 1692/1692/1692 1694/1694/1694 
f 1692/1692/1692 1697/1697/1697 1698/1698/1698 
f 1694/1694/1694 1693/1693/1693 1699/1699/1699 
f 1693/1693/1693 1692/1692/1692 1700/1700/1700 
f 1699/1699/1699 1693/1693/1693 1701/1701/1701 
f 1701/1701/1701 1693/1693/1693 1702/1702/1702 
f 1693/1693/1693 1700/1700/1700 1703/1703/1703 
f 1693/1693/1693 1703/1703/1703 1704/1704/1704 
f 1705/1705/1705 1706/1706/1706 1707/1707/1707 
f 1706/1706/1706 1705/1705/1705 1708/1708/1708 
f 1709/1709/1709 1710/1710/1710 1711/1711/1711 
f 1710/1710/1710 1709/1709/1709 1712/1712/1712 
f 1713/1713/1713 1714/1714/1714 1715/1715/1715 
f 1714/1714/1714 1713/1713/1713 1716/1716/1716 

g Cube0041

v 1607.21 241.639 -1790.25 
v 1626.5 273.776 -1768.05 
v 1606.31 242.998 -1791.27 
v 1627.39 272.418 -1767.02 
v 1628.44 273.776 -1769.73 
v 1626.5 273.776 -1768.05 
v 1627.39 272.418 -1767.02 
v 1629.33 272.418 -1768.7 
v 1606.31 242.998 -1791.27 
v 1628.44 273.776 -1769.73 
v 1608.25 242.998 -1792.95 
v 1626.5 273.776 -1768.05 
v 1607.21 241.639 -1790.25 
v 1606.31 242.998 -1791.27 
v 1609.14 241.64 -1791.93 
v 1608.25 242.998 -1792.95 
v 1608.25 242.998 -1792.95 
v 1629.33 272.418 -1768.7 
v 1609.14 241.64 -1791.93 
v 1628.44 273.776 -1769.73 
v 1609.14 241.64 -1791.93 
v 1627.39 272.418 -1767.02 
v 1607.21 241.639 -1790.25 
v 1629.33 272.418 -1768.7 

vn -0.755906 0 0.653543 
vn -0.755906 0 0.653543 
vn -0.755906 0 0.653543 
vn -0.755906 0 0.653543 
vn 0.464567 0.708661 0.535433 
vn 0.464567 0.708661 0.535433 
vn 0.464567 0.708661 0.535433 
vn 0.464567 0.708661 0.535433 
vn -0.464567 0.708661 -0.535433 
vn -0.464567 0.708661 -0.535433 
vn -0.464567 0.708661 -0.535433 
vn -0.464567 0.708661 -0.535433 
vn -0.464567 -0.708661 -0.535433 
vn -0.464567 -0.708661 -0.535433 
vn -0.464567 -0.708661 -0.535433 
vn -0.464567 -0.708661 -0.535433 
vn 0.755906 0 -0.653543 
vn 0.755906 0 -0.653543 
vn 0.755906 0 -0.653543 
vn 0.755906 0 -0.653543 
vn 0.464567 -0.708661 0.535433 
vn 0.464567 -0.708661 0.535433 
vn 0.464567 -0.708661 0.535433 
vn 0.464567 -0.708661 0.535433 

vt -3.67722 -3.01678 
vt 3.67722 5.01678 
vt -4.01678 -2.67721 
vt 4.01678 4.67722 
vt 0.320416 -2.67722 
vt -0.320415 -2.67722 
vt -0.320415 -3.01678 
vt 0.320416 -3.01678 
vt -0.320415 5.01678 
vt 0.320416 -2.67722 
vt 0.320416 5.01678 
vt -0.320415 -2.67722 
vt 0.320415 -3.01678 
vt 0.320415 -2.67721 
vt -0.320416 -3.01678 
vt -0.320416 -2.67721 
vt 4.01678 -2.67721 
vt -4.01678 4.67722 
vt 3.67722 -3.01678 
vt -3.67722 5.01678 
vt -0.320416 4.67722 
vt 0.320415 -3.01678 
vt 0.320415 4.67722 
vt -0.320416 -3.01678 

usemtl Cube0021Mtl

f 1717/1717/1717 1718/1718/1718 1719/1719/1719 
f 1718/1718/1718 1717/1717/1717 1720/1720/1720 
f 1721/1721/1721 1722/1722/1722 1723/1723/1723 
f 1721/1721/1721 1723/1723/1723 1724/1724/1724 
f 1725/1725/1725 1726/1726/1726 1727/1727/1727 
f 1726/1726/1726 1725/1725/1725 1728/1728/1728 
f 1729/1729/1729 1730/1730/1730 1731/1731/1731 
f 1731/1731/1731 1730/1730/1730 1732/1732/1732 
f 1733/1733/1733 1734/1734/1734 1735/1735/1735 
f 1734/1734/1734 1733/1733/1733 1736/1736/1736 
f 1737/1737/1737 1738/1738/1738 1739/1739/1739 
f 1738/1738/1738 1737/1737/1737 1740/1740/1740 

g Cube1

v 1601.28 177.748 -1787.35 
v 1603.98 137.684 -1789.69 
v 1603.54 177.748 -1784.75 
v 1606.23 137.684 -1787.09 
v 1597.87 228.872 -1784.39 
v 1601.28 177.748 -1787.35 
v 1600.12 228.872 -1781.79 
v 1603.54 177.748 -1784.75 
v 1603.98 137.684 -1789.69 
v 1606.24 127.997 -1787.09 
v 1606.23 137.684 -1787.09 
v 1603.98 127.996 -1789.69 
v 1597.87 228.872 -1784.39 
v 1600.12 228.872 -1781.79 
v 1599.52 228.872 -1785.83 
v 1601.78 228.872 -1783.23 
v 1605.63 137.684 -1791.13 
v 1603.98 127.996 -1789.69 
v 1603.98 137.684 -1789.69 
v 1605.63 127.996 -1791.13 
v 1602.93 177.748 -1788.79 
v 1601.28 177.748 -1787.35 
v 1599.52 228.872 -1785.83 
v 1601.28 177.748 -1787.35 
v 1597.87 228.872 -1784.39 
v 1602.93 177.748 -1788.79 
v 1607.89 137.684 -1788.53 
v 1605.63 127.996 -1791.13 
v 1605.63 137.684 -1791.13 
v 1607.89 127.997 -1788.53 
v 1601.78 228.872 -1783.23 
v 1605.19 177.749 -1786.19 
v 1599.52 228.872 -1785.83 
v 1602.93 177.748 -1788.79 
v 1605.19 177.749 -1786.19 
v 1607.89 137.684 -1788.53 
v 1602.93 177.748 -1788.79 
v 1605.63 137.684 -1791.13 
v 1607.89 127.997 -1788.53 
v 1606.24 127.997 -1787.09 
v 1603.98 127.996 -1789.69 
v 1605.63 127.996 -1791.13 
v 1606.23 137.684 -1787.09 
v 1607.89 127.997 -1788.53 
v 1607.89 137.684 -1788.53 
v 1606.24 127.997 -1787.09 
v 1607.89 137.684 -1788.53 
v 1605.19 177.749 -1786.19 
v 1606.23 137.684 -1787.09 
v 1603.54 177.748 -1784.75 
v 1605.19 177.749 -1786.19 
v 1601.78 228.872 -1783.23 
v 1603.54 177.748 -1784.75 
v 1600.12 228.872 -1781.79 

vn -0.755906 -0.0866142 0.653543 
vn -0.755906 -0.0866142 0.653543 
vn -0.755906 -0.0866142 0.653543 
vn -0.755906 -0.0866142 0.653543 
vn -0.755906 -0.0866142 0.653543 
vn -0.755906 -0.0866142 0.653543 
vn -0.755906 -0.0866142 0.653543 
vn -0.755906 -0.0866142 0.653543 
vn -0.755906 0 0.653543 
vn -0.755906 0 0.653543 
vn -0.755906 0 0.653543 
vn -0.755906 0 0.653543 
vn 0 1 0 
vn 0 1 0 
vn 0 1 0 
vn 0 1 0 
vn -0.653543 0 -0.755906 
vn -0.653543 0 -0.755906 
vn -0.653543 0 -0.755906 
vn -0.653543 0 -0.755906 
vn -0.653543 0 -0.755906 
vn -0.653543 0 -0.755906 
vn -0.653543 0 -0.755906 
vn -0.653543 0 -0.755906 
vn -0.653543 0 -0.755906 
vn -0.653543 0 -0.755906 
vn 0.755906 0 -0.653543 
vn 0.755906 0 -0.653543 
vn 0.755906 0 -0.653543 
vn 0.755906 0 -0.653543 
vn 0.748031 0.0866142 -0.653543 
vn 0.748031 0.0866142 -0.653543 
vn 0.748031 0.0866142 -0.653543 
vn 0.748031 0.0866142 -0.653543 
vn 0.748031 0.0866142 -0.653543 
vn 0.748031 0.0866142 -0.653543 
vn 0.748031 0.0866142 -0.653543 
vn 0.748031 0.0866142 -0.653543 
vn 0 -1 0 
vn 0 -1 0 
vn 0 -1 0 
vn 0 -1 0 
vn 0.653543 0 0.755906 
vn 0.653543 0 0.755906 
vn 0.653543 0 0.755906 
vn 0.653543 0 0.755906 
vn 0.653543 0 0.755906 
vn 0.653543 0 0.755906 
vn 0.653543 0 0.755906 
vn 0.653543 0 0.755906 
vn 0.653543 0 0.755906 
vn 0.653543 0 0.755906 
vn 0.653543 0 0.755906 
vn 0.653543 0 0.755906 

vt -0.430187 0.828476 
vt -0.430185 -9.18761 
vt 0.430187 0.828476 
vt 0.430189 -9.18761 
vt -0.430189 13.6095 
vt -0.430187 0.828476 
vt 0.430185 13.6095 
vt 0.430187 0.828476 
vt -0.430185 -9.18761 
vt 0.430189 -11.6095 
vt 0.430189 -9.18761 
vt -0.430185 -11.6095 
vt -1.28458 1.43019 
vt -1.28458 0.569815 
vt -0.736328 1.43019 
vt -0.736328 0.569815 
vt -1.28458 -9.18761 
vt -0.736328 -11.6095 
vt -0.736328 -9.18761 
vt -1.28458 -11.6095 
vt -0.392538 0.828476 
vt 0.155711 0.828476 
vt 0.736328 13.6095 
vt 0.155711 0.828476 
vt 1.28458 13.6095 
vt -0.392538 0.828476 
vt -0.430189 -9.18761 
vt 0.430185 -11.6095 
vt 0.430185 -9.18761 
vt -0.430189 -11.6095 
vt -0.430185 13.6095 
vt -0.430187 0.828476 
vt 0.430189 13.6095 
vt 0.430187 0.828476 
vt -0.430187 0.828476 
vt -0.430189 -9.18761 
vt 0.430187 0.828476 
vt 0.430185 -9.18761 
vt -1.28458 0.569811 
vt -0.736328 0.569811 
vt -0.736328 1.43019 
vt -1.28458 1.43019 
vt 0.736328 -9.18761 
vt 1.28458 -11.6095 
vt 1.28458 -9.18761 
vt 0.736328 -11.6095 
vt 1.28458 -9.18761 
vt 0.392538 0.828476 
vt 0.736328 -9.18761 
vt -0.155711 0.828476 
vt 0.392538 0.828476 
vt -0.736328 13.6095 
vt -0.155711 0.828476 
vt -1.28458 13.6095 

usemtl Cube0021Mtl

f 1741/1741/1741 1742/1742/1742 1743/1743/1743 
f 1743/1743/1743 1742/1742/1742 1744/1744/1744 
f 1745/1745/1745 1746/1746/1746 1747/1747/1747 
f 1747/1747/1747 1746/1746/1746 1748/1748/1748 
f 1749/1749/1749 1750/1750/1750 1751/1751/1751 
f 1750/1750/1750 1749/1749/1749 1752/1752/1752 
f 1753/1753/1753 1754/1754/1754 1755/1755/1755 
f 1755/1755/1755 1754/1754/1754 1756/1756/1756 
f 1757/1757/1757 1758/1758/1758 1759/1759/1759 
f 1758/1758/1758 1757/1757/1757 1760/1760/1760 
f 1759/1759/1759 1761/1761/1761 1757/1757/1757 
f 1761/1761/1761 1759/1759/1759 1762/1762/1762 
f 1763/1763/1763 1764/1764/1764 1765/1765/1765 
f 1764/1764/1764 1763/1763/1763 1766/1766/1766 
f 1767/1767/1767 1768/1768/1768 1769/1769/1769 
f 1768/1768/1768 1767/1767/1767 1770/1770/1770 
f 1771/1771/1771 1772/1772/1772 1773/1773/1773 
f 1773/1773/1773 1772/1772/1772 1774/1774/1774 
f 1775/1775/1775 1776/1776/1776 1777/1777/1777 
f 1777/1777/1777 1776/1776/1776 1778/1778/1778 
f 1779/1779/1779 1780/1780/1780 1781/1781/1781 
f 1779/1779/1779 1781/1781/1781 1782/1782/1782 
f 1783/1783/1783 1784/1784/1784 1785/1785/1785 
f 1784/1784/1784 1783/1783/1783 1786/1786/1786 
f 1787/1787/1787 1788/1788/1788 1789/1789/1789 
f 1790/1790/1790 1789/1789/1789 1788/1788/1788 
f 1791/1791/1791 1792/1792/1792 1793/1793/1793 
f 1794/1794/1794 1793/1793/1793 1792/1792/1792 

g Cube0091

v 1608.19 243.115 -1789.11 
v 1587.11 272.53 -1813.36 
v 1607.3 241.757 -1790.14 
v 1588 273.888 -1812.34 
v 1589.04 272.53 -1815.05 
v 1587.11 272.53 -1813.36 
v 1588 273.888 -1812.34 
v 1589.93 273.889 -1814.02 
v 1607.3 241.757 -1790.14 
v 1589.04 272.53 -1815.05 
v 1609.24 241.757 -1791.82 
v 1587.11 272.53 -1813.36 
v 1589.04 272.53 -1815.05 
v 1610.13 243.115 -1790.79 
v 1609.24 241.757 -1791.82 
v 1589.93 273.889 -1814.02 
v 1607.3 241.757 -1790.14 
v 1609.24 241.757 -1791.82 
v 1610.13 243.115 -1790.79 
v 1608.19 243.115 -1789.11 
v 1610.13 243.115 -1790.79 
v 1589.93 273.889 -1814.02 
v 1588 273.888 -1812.34 
v 1608.19 243.115 -1789.11 

vn -0.755906 0 0.653543 
vn -0.755906 0 0.653543 
vn -0.755906 0 0.653543 
vn -0.755906 0 0.653543 
vn -0.464567 0.708661 -0.535433 
vn -0.464567 0.708661 -0.535433 
vn -0.464567 0.708661 -0.535433 
vn -0.464567 0.708661 -0.535433 
vn -0.464567 -0.708661 -0.535433 
vn -0.464567 -0.708661 -0.535433 
vn -0.464567 -0.708661 -0.535433 
vn -0.464567 -0.708661 -0.535433 
vn 0.755906 0 -0.653543 
vn 0.755906 0 -0.653543 
vn 0.755906 0 -0.653543 
vn 0.755906 0 -0.653543 
vn 0.464567 -0.708661 0.535433 
vn 0.464567 -0.708661 0.535433 
vn 0.464567 -0.708661 0.535433 
vn 0.464567 -0.708661 0.535433 
vn 0.464567 0.708661 0.535433 
vn 0.464567 0.708661 0.535433 
vn 0.464567 0.708661 0.535433 
vn 0.464567 0.708661 0.535433 

vt 4.01678 -2.67722 
vt -4.01678 4.67722 
vt 3.67722 -3.01678 
vt -3.67722 5.01678 
vt 0.320416 5.01678 
vt -0.320415 5.01678 
vt -0.320415 4.67722 
vt 0.320416 4.67722 
vt 0.320415 -3.01678 
vt -0.320416 4.67722 
vt -0.320416 -3.01678 
vt 0.320415 4.67722 
vt 4.01678 4.67722 
vt -4.01678 -2.67722 
vt -3.67722 -3.01678 
vt 3.67722 5.01678 
vt -0.320415 -3.01678 
vt 0.320416 -3.01678 
vt 0.320416 -2.67722 
vt -0.320415 -2.67722 
vt 0.320416 -2.67722 
vt 0.320416 5.01678 
vt -0.320415 5.01678 
vt -0.320415 -2.67722 

usemtl Cube0021Mtl

f 1795/1795/1795 1796/1796/1796 1797/1797/1797 
f 1796/1796/1796 1795/1795/1795 1798/1798/1798 
f 1799/1799/1799 1800/1800/1800 1801/1801/1801 
f 1799/1799/1799 1801/1801/1801 1802/1802/1802 
f 1803/1803/1803 1804/1804/1804 1805/1805/1805 
f 1804/1804/1804 1803/1803/1803 1806/1806/1806 
f 1807/1807/1807 1808/1808/1808 1809/1809/1809 
f 1808/1808/1808 1807/1807/1807 1810/1810/1810 
f 1811/1811/1811 1812/1812/1812 1813/1813/1813 
f 1811/1811/1811 1813/1813/1813 1814/1814/1814 
f 1815/1815/1815 1816/1816/1816 1817/1817/1817 
f 1817/1817/1817 1818/1818/1818 1815/1815/1815 

g Cube0031

v 1570.18 137.68 -1791.17 
v 1571.62 127.993 -1789.51 
v 1571.62 137.681 -1789.51 
v 1570.18 127.993 -1791.17 
v 1572.52 177.745 -1788.48 
v 1573.96 177.745 -1786.82 
v 1575.47 228.87 -1785.07 
v 1576.91 228.87 -1783.41 
v 1576.91 228.87 -1783.41 
v 1579.51 228.87 -1785.67 
v 1575.47 228.87 -1785.07 
v 1578.07 228.87 -1787.33 
v 1572.78 137.681 -1793.42 
v 1570.18 127.993 -1791.17 
v 1570.18 137.68 -1791.17 
v 1572.78 127.993 -1793.42 
v 1578.07 228.87 -1787.33 
v 1575.11 177.745 -1790.73 
v 1575.47 228.87 -1785.07 
v 1572.52 177.745 -1788.48 
v 1575.11 177.745 -1790.73 
v 1572.78 137.681 -1793.42 
v 1572.52 177.745 -1788.48 
v 1570.18 137.68 -1791.17 
v 1574.22 137.681 -1791.77 
v 1572.78 127.993 -1793.42 
v 1572.78 137.681 -1793.42 
v 1574.22 127.993 -1791.77 
v 1572.78 137.681 -1793.42 
v 1575.11 177.745 -1790.73 
v 1574.22 137.681 -1791.77 
v 1576.55 177.745 -1789.08 
v 1575.11 177.745 -1790.73 
v 1578.07 228.87 -1787.33 
v 1576.55 177.745 -1789.08 
v 1579.51 228.87 -1785.67 
v 1572.78 127.993 -1793.42 
v 1574.22 127.993 -1791.77 
v 1571.62 127.993 -1789.51 
v 1570.18 127.993 -1791.17 
v 1573.96 177.745 -1786.82 
v 1571.62 137.681 -1789.51 
v 1576.55 177.745 -1789.08 
v 1574.22 137.681 -1791.77 
v 1576.91 228.87 -1783.41 
v 1573.96 177.745 -1786.82 
v 1579.51 228.87 -1785.67 
v 1576.55 177.745 -1789.08 
v 1571.62 137.681 -1789.51 
v 1574.22 127.993 -1791.77 
v 1574.22 137.681 -1791.77 
v 1571.62 127.993 -1789.51 

vn -0.755906 0 0.653543 
vn -0.755906 0 0.653543 
vn -0.755906 0 0.653543 
vn -0.755906 0 0.653543 
vn -0.755906 0 0.653543 
vn -0.755906 0 0.653543 
vn -0.755906 0 0.653543 
vn -0.755906 0 0.653543 
vn 0 1 0 
vn 0 1 0 
vn 0 1 0 
vn 0 1 0 
vn -0.653543 0 -0.755906 
vn -0.653543 0 -0.755906 
vn -0.653543 0 -0.755906 
vn -0.653543 0 -0.755906 
vn -0.653543 0.0866142 -0.748031 
vn -0.653543 0.0866142 -0.748031 
vn -0.653543 0.0866142 -0.748031 
vn -0.653543 0.0866142 -0.748031 
vn -0.653543 0.0866142 -0.748031 
vn -0.653543 0.0866142 -0.748031 
vn -0.653543 0.0866142 -0.748031 
vn -0.653543 0.0866142 -0.748031 
vn 0.755906 0 -0.653543 
vn 0.755906 0 -0.653543 
vn 0.755906 0 -0.653543 
vn 0.755906 0 -0.653543 
vn 0.755906 0 -0.653543 
vn 0.755906 0 -0.653543 
vn 0.755906 0 -0.653543 
vn 0.755906 0 -0.653543 
vn 0.755906 0 -0.653543 
vn 0.755906 0 -0.653543 
vn 0.755906 0 -0.653543 
vn 0.755906 0 -0.653543 
vn 0 -1 0 
vn 0 -1 0 
vn 0 -1 0 
vn 0 -1 0 
vn 0.653543 -0.0866142 0.748031 
vn 0.653543 -0.0866142 0.748031 
vn 0.653543 -0.0866142 0.748031 
vn 0.653543 -0.0866142 0.748031 
vn 0.653543 -0.0866142 0.748031 
vn 0.653543 -0.0866142 0.748031 
vn 0.653543 -0.0866142 0.748031 
vn 0.653543 -0.0866142 0.748031 
vn 0.653543 0 0.755906 
vn 0.653543 0 0.755906 
vn 0.653543 0 0.755906 
vn 0.653543 0 0.755906 

vt -1.28458 -9.18761 
vt -0.736328 -11.6095 
vt -0.736328 -9.18761 
vt -1.28458 -11.6095 
vt -0.392538 0.828476 
vt 0.155712 0.828476 
vt 0.736328 13.6095 
vt 1.28458 13.6095 
vt -0.430188 -0.284577 
vt 0.430187 -0.284577 
vt -0.430188 0.263672 
vt 0.430187 0.263672 
vt -0.430188 -9.18761 
vt 0.430187 -11.6095 
vt 0.430187 -9.18761 
vt -0.430188 -11.6095 
vt -0.430187 13.6095 
vt -0.430187 0.828476 
vt 0.430188 13.6095 
vt 0.430187 0.828476 
vt -0.430187 0.828476 
vt -0.430188 -9.18761 
vt 0.430187 0.828476 
vt 0.430187 -9.18761 
vt 0.736328 -9.18761 
vt 1.28458 -11.6095 
vt 1.28458 -9.18761 
vt 0.736328 -11.6095 
vt 1.28458 -9.18761 
vt 0.392538 0.828476 
vt 0.736328 -9.18761 
vt -0.155712 0.828476 
vt 0.392538 0.828476 
vt -0.736328 13.6095 
vt -0.155712 0.828476 
vt -1.28458 13.6095 
vt -0.430188 2.28458 
vt -0.430188 1.73633 
vt 0.430187 1.73633 
vt 0.430187 2.28458 
vt -0.430187 0.828476 
vt -0.430187 -9.18761 
vt 0.430187 0.828476 
vt 0.430188 -9.18761 
vt -0.430188 13.6095 
vt -0.430187 0.828476 
vt 0.430187 13.6095 
vt 0.430187 0.828476 
vt -0.430187 -9.18761 
vt 0.430188 -11.6095 
vt 0.430188 -9.18761 
vt -0.430187 -11.6095 

usemtl Cube0021Mtl

f 1819/1819/1819 1820/1820/1820 1821/1821/1821 
f 1820/1820/1820 1819/1819/1819 1822/1822/1822 
f 1821/1821/1821 1823/1823/1823 1819/1819/1819 
f 1823/1823/1823 1821/1821/1821 1824/1824/1824 
f 1824/1824/1824 1825/1825/1825 1823/1823/1823 
f 1825/1825/1825 1824/1824/1824 1826/1826/1826 
f 1827/1827/1827 1828/1828/1828 1829/1829/1829 
f 1829/1829/1829 1828/1828/1828 1830/1830/1830 
f 1831/1831/1831 1832/1832/1832 1833/1833/1833 
f 1832/1832/1832 1831/1831/1831 1834/1834/1834 
f 1835/1835/1835 1836/1836/1836 1837/1837/1837 
f 1837/1837/1837 1836/1836/1836 1838/1838/1838 
f 1839/1839/1839 1840/1840/1840 1841/1841/1841 
f 1841/1841/1841 1840/1840/1840 1842/1842/1842 
f 1843/1843/1843 1844/1844/1844 1845/1845/1845 
f 1844/1844/1844 1843/1843/1843 1846/1846/1846 
f 1847/1847/1847 1848/1848/1848 1849/1849/1849 
f 1850/1850/1850 1849/1849/1849 1848/1848/1848 
f 1851/1851/1851 1852/1852/1852 1853/1853/1853 
f 1854/1854/1854 1853/1853/1853 1852/1852/1852 
f 1855/1855/1855 1856/1856/1856 1857/1857/1857 
f 1855/1855/1855 1857/1857/1857 1858/1858/1858 
f 1859/1859/1859 1860/1860/1860 1861/1861/1861 
f 1861/1861/1861 1860/1860/1860 1862/1862/1862 
f 1863/1863/1863 1864/1864/1864 1865/1865/1865 
f 1865/1865/1865 1864/1864/1864 1866/1866/1866 
f 1867/1867/1867 1868/1868/1868 1869/1869/1869 
f 1868/1868/1868 1867/1867/1867 1870/1870/1870 

g Cube0071

v 1587.04 213.842 -1813.45 
v 1608.12 243.262 -1789.2 
v 1607.22 244.62 -1790.23 
v 1587.93 212.483 -1812.43 
v 1588.97 213.842 -1815.13 
v 1587.04 213.842 -1813.45 
v 1609.16 244.62 -1791.91 
v 1607.22 244.62 -1790.23 
v 1589.86 212.484 -1814.11 
v 1588.97 213.842 -1815.13 
v 1610.05 243.262 -1790.88 
v 1609.16 244.62 -1791.91 
v 1589.86 212.484 -1814.11 
v 1587.93 212.483 -1812.43 
v 1587.04 213.842 -1813.45 
v 1588.97 213.842 -1815.13 
v 1587.93 212.483 -1812.43 
v 1589.86 212.484 -1814.11 
v 1608.12 243.262 -1789.2 
v 1610.05 243.262 -1790.88 
v 1608.12 243.262 -1789.2 
v 1609.16 244.62 -1791.91 
v 1607.22 244.62 -1790.23 
v 1610.05 243.262 -1790.88 

vn -0.755906 0 0.653543 
vn -0.755906 0 0.653543 
vn -0.755906 0 0.653543 
vn -0.755906 0 0.653543 
vn -0.464567 0.708661 -0.535433 
vn -0.464567 0.708661 -0.535433 
vn -0.464567 0.708661 -0.535433 
vn -0.464567 0.708661 -0.535433 
vn 0.755906 0 -0.653543 
vn 0.755906 0 -0.653543 
vn 0.755906 0 -0.653543 
vn 0.755906 0 -0.653543 
vn -0.464567 -0.708661 -0.535433 
vn -0.464567 -0.708661 -0.535433 
vn -0.464567 -0.708661 -0.535433 
vn -0.464567 -0.708661 -0.535433 
vn 0.464567 -0.708661 0.535433 
vn 0.464567 -0.708661 0.535433 
vn 0.464567 -0.708661 0.535433 
vn 0.464567 -0.708661 0.535433 
vn 0.464567 0.708661 0.535433 
vn 0.464567 0.708661 0.535433 
vn 0.464567 0.708661 0.535433 
vn 0.464567 0.708661 0.535433 

vt -4.01678 -2.67722 
vt 4.01678 4.67722 
vt 3.67722 5.01678 
vt -3.67722 -3.01678 
vt 0.320416 5.01678 
vt -0.320415 5.01678 
vt 0.320416 -2.67722 
vt -0.320415 -2.67722 
vt 3.67722 -3.01678 
vt 4.01678 -2.67722 
vt -4.01678 4.67722 
vt -3.67722 5.01678 
vt -0.320416 4.67722 
vt 0.320415 4.67722 
vt 0.320415 5.01678 
vt -0.320416 5.01678 
vt 0.320415 4.67722 
vt -0.320416 4.67722 
vt 0.320415 -3.01678 
vt -0.320416 -3.01678 
vt -0.320415 4.67722 
vt 0.320416 5.01678 
vt -0.320415 5.01678 
vt 0.320416 4.67722 

usemtl Cube0021Mtl

f 1871/1871/1871 1872/1872/1872 1873/1873/1873 
f 1872/1872/1872 1871/1871/1871 1874/1874/1874 
f 1875/1875/1875 1876/1876/1876 1877/1877/1877 
f 1876/1876/1876 1878/1878/1878 1877/1877/1877 
f 1879/1879/1879 1880/1880/1880 1881/1881/1881 
f 1880/1880/1880 1882/1882/1882 1881/1881/1881 
f 1883/1883/1883 1884/1884/1884 1885/1885/1885 
f 1883/1883/1883 1885/1885/1885 1886/1886/1886 
f 1887/1887/1887 1888/1888/1888 1889/1889/1889 
f 1888/1888/1888 1890/1890/1890 1889/1889/1889 
f 1891/1891/1891 1892/1892/1892 1893/1893/1893 
f 1892/1892/1892 1891/1891/1891 1894/1894/1894 

g Cube0051

v 1599 208.569 -1801.15 
v 1591.54 218.169 -1808.89 
v 1595.86 205.068 -1804.77 
v 1588.4 213.374 -1812.51 
v 1606.99 221.26 -1791.96 
v 1597.79 227.692 -1801.7 
v 1604.43 216.97 -1794.91 
v 1600.84 232.353 -1798.19 
v 1600.84 232.353 -1798.19 
v 1606.99 221.26 -1791.96 
v 1610.35 226.596 -1788.1 
v 1604.2 237.689 -1794.32 
v 1601.52 213.163 -1798.26 
v 1591.54 218.169 -1808.89 
v 1599 208.569 -1801.15 
v 1594.69 222.965 -1805.27 
v 1604.43 216.97 -1794.91 
v 1597.79 227.692 -1801.7 
v 1601.52 213.163 -1798.26 
v 1594.69 222.965 -1805.27 
v 1591.54 218.169 -1808.89 
v 1592.78 218.17 -1809.96 
v 1588.4 213.374 -1812.51 
v 1589.63 213.374 -1813.58 
v 1595.92 222.965 -1806.35 
v 1594.69 222.965 -1805.27 
v 1599.02 227.692 -1802.78 
v 1597.79 227.692 -1801.7 
v 1602.08 232.353 -1799.26 
v 1600.84 232.353 -1798.19 
v 1604.2 237.689 -1794.32 
v 1602.08 232.353 -1799.26 
v 1600.84 232.353 -1798.19 
v 1605.44 237.689 -1795.4 
v 1592.78 218.17 -1809.96 
v 1596.26 205.068 -1805.11 
v 1589.63 213.374 -1813.58 
v 1599.4 208.569 -1801.5 
v 1602.08 232.353 -1799.26 
v 1607.39 221.26 -1792.31 
v 1599.02 227.692 -1802.78 
v 1604.83 216.97 -1795.25 
v 1602.08 232.353 -1799.26 
v 1610.75 226.596 -1788.45 
v 1607.39 221.26 -1792.31 
v 1605.44 237.689 -1795.4 
v 1595.92 222.965 -1806.35 
v 1601.92 213.163 -1798.6 
v 1592.78 218.17 -1809.96 
v 1599.4 208.569 -1801.5 
v 1599.02 227.692 -1802.78 
v 1601.92 213.163 -1798.6 
v 1595.92 222.965 -1806.35 
v 1604.83 216.97 -1795.25 
v 1595.86 205.068 -1804.77 
v 1588.4 213.374 -1812.51 
v 1596.26 205.068 -1805.11 
v 1589.63 213.374 -1813.58 
v 1599 208.569 -1801.15 
v 1596.26 205.068 -1805.11 
v 1599.4 208.569 -1801.5 
v 1595.86 205.068 -1804.77 
v 1604.43 216.97 -1794.91 
v 1601.92 213.163 -1798.6 
v 1604.83 216.97 -1795.25 
v 1601.52 213.163 -1798.26 
v 1604.2 237.689 -1794.32 
v 1610.35 226.596 -1788.1 
v 1605.44 237.689 -1795.4 
v 1610.75 226.596 -1788.45 
v 1604.43 216.97 -1794.91 
v 1604.83 216.97 -1795.25 
v 1606.99 221.26 -1791.96 
v 1607.39 221.26 -1792.31 
v 1610.75 226.596 -1788.45 
v 1606.99 221.26 -1791.96 
v 1607.39 221.26 -1792.31 
v 1610.35 226.596 -1788.1 
v 1601.52 213.163 -1798.26 
v 1599.4 208.569 -1801.5 
v 1601.92 213.163 -1798.6 
v 1599 208.569 -1801.15 

vn -0.740157 -0.0314961 0.677165 
vn -0.740157 -0.0314961 0.677165 
vn -0.740157 -0.0314961 0.677165 
vn -0.740157 -0.0314961 0.677165 
vn -0.732283 -0.023622 0.677165 
vn -0.732283 -0.023622 0.677165 
vn -0.732283 -0.023622 0.677165 
vn -0.732283 -0.023622 0.677165 
vn -0.732283 -0.023622 0.677165 
vn -0.732283 -0.023622 0.677165 
vn -0.732283 -0.023622 0.677165 
vn -0.732283 -0.023622 0.677165 
vn -0.732283 -0.023622 0.677165 
vn -0.732283 -0.023622 0.677165 
vn -0.732283 -0.023622 0.677165 
vn -0.732283 -0.023622 0.677165 
vn -0.740157 -0.0314961 0.677165 
vn -0.740157 -0.0314961 0.677165 
vn -0.740157 -0.0314961 0.677165 
vn -0.740157 -0.0314961 0.677165 
vn -0.464567 0.708661 -0.535433 
vn -0.464567 0.708661 -0.535433 
vn -0.464567 0.708661 -0.535433 
vn -0.464567 0.708661 -0.535433 
vn -0.464567 0.708661 -0.535433 
vn -0.464567 0.708661 -0.535433 
vn -0.464567 0.708661 -0.535433 
vn -0.464567 0.708661 -0.535433 
vn -0.464567 0.708661 -0.535433 
vn -0.464567 0.708661 -0.535433 
vn -0.472441 0.692913 -0.543307 
vn -0.472441 0.692913 -0.543307 
vn -0.472441 0.692913 -0.543307 
vn -0.472441 0.692913 -0.543307 
vn 0.771654 -0.0314961 -0.637795 
vn 0.771654 -0.0314961 -0.637795 
vn 0.771654 -0.0314961 -0.637795 
vn 0.771654 -0.0314961 -0.637795 
vn 0.771654 -0.023622 -0.637795 
vn 0.771654 -0.023622 -0.637795 
vn 0.771654 -0.023622 -0.637795 
vn 0.771654 -0.023622 -0.637795 
vn 0.771654 -0.023622 -0.637795 
vn 0.771654 -0.023622 -0.637795 
vn 0.771654 -0.023622 -0.637795 
vn 0.771654 -0.023622 -0.637795 
vn 0.771654 -0.023622 -0.629921 
vn 0.771654 -0.023622 -0.629921 
vn 0.771654 -0.023622 -0.629921 
vn 0.771654 -0.023622 -0.629921 
vn 0.771654 -0.0314961 -0.637795 
vn 0.771654 -0.0314961 -0.637795 
vn 0.771654 -0.0314961 -0.637795 
vn 0.771654 -0.0314961 -0.637795 
vn -0.401575 -0.787402 -0.464567 
vn -0.401575 -0.787402 -0.464567 
vn -0.401575 -0.787402 -0.464567 
vn -0.401575 -0.787402 -0.464567 
vn 0.385827 -0.80315 0.448819 
vn 0.385827 -0.80315 0.448819 
vn 0.385827 -0.80315 0.448819 
vn 0.385827 -0.80315 0.448819 
vn 0.425197 -0.755906 0.488189 
vn 0.425197 -0.755906 0.488189 
vn 0.425197 -0.755906 0.488189 
vn 0.425197 -0.755906 0.488189 
vn 0.519685 0.622047 0.590551 
vn 0.519685 0.622047 0.590551 
vn 0.519685 0.622047 0.590551 
vn 0.519685 0.622047 0.590551 
vn 0.488189 -0.669291 0.559055 
vn 0.488189 -0.669291 0.559055 
vn 0.488189 -0.669291 0.559055 
vn 0.488189 -0.669291 0.559055 
vn 0.472441 -0.692913 0.543307 
vn 0.472441 -0.692913 0.543307 
vn 0.472441 -0.692913 0.543307 
vn 0.472441 -0.692913 0.543307 
vn 0.503937 -0.637795 0.582677 
vn 0.503937 -0.637795 0.582677 
vn 0.503937 -0.637795 0.582677 
vn 0.503937 -0.637795 0.582677 

vt -0.177211 -1.56186 
vt -2.32365 0.358465 
vt -1.13426 -2.26194 
vt -3.28269 -0.600574 
vt 2.25798 0.976076 
vt -0.4193 2.26282 
vt 1.47881 0.118191 
vt 0.512701 3.19482 
vt 0.512701 3.19482 
vt 2.25798 0.976076 
vt 3.28269 2.04319 
vt 1.53742 4.26194 
vt 0.590938 -0.643175 
vt -2.32365 0.358465 
vt -0.177211 -1.56186 
vt -1.36462 1.3175 
vt 1.47881 0.118191 
vt -0.4193 2.26282 
vt 0.590938 -0.643175 
vt -1.36462 1.3175 
vt -0.163852 3.32365 
vt 0.163852 3.32365 
vt -0.163852 4.28269 
vt 0.163852 4.28269 
vt 0.163852 2.36462 
vt -0.163852 2.36462 
vt 0.163852 1.4193 
vt -0.163852 1.4193 
vt 0.163852 0.487299 
vt -0.163852 0.487299 
vt 0.163852 4.26194 
vt -0.163852 3.19482 
vt 0.163852 3.19482 
vt -0.163852 4.26194 
vt 2.32365 0.358465 
vt 1.13426 -2.26194 
vt 3.28269 -0.600574 
vt 0.177211 -1.56186 
vt -0.512701 3.19482 
vt -2.25798 0.976076 
vt 0.4193 2.26282 
vt -1.47881 0.118191 
vt -0.512701 3.19482 
vt -3.28269 2.04319 
vt -2.25798 0.976076 
vt -1.53742 4.26194 
vt 1.36462 1.3175 
vt -0.590938 -0.643175 
vt 2.32365 0.358465 
vt 0.177211 -1.56186 
vt 0.4193 2.26282 
vt -0.590938 -0.643175 
vt 1.36462 1.3175 
vt -1.47881 0.118191 
vt 0.0528519 2.13426 
vt 0.163852 4.28269 
vt -0.0528519 2.13426 
vt -0.163852 4.28269 
vt 0.0528519 1.17721 
vt -0.0528519 2.13426 
vt -0.0528519 1.17721 
vt 0.0528519 2.13426 
vt 0.0528519 -0.478806 
vt -0.0528519 0.409062 
vt -0.0528519 -0.478806 
vt 0.0528519 0.409062 
vt -0.163852 4.26194 
vt -0.0528519 2.04319 
vt 0.163852 4.26194 
vt 0.0528519 2.04319 
vt -0.0528519 0.118191 
vt 0.0528519 0.118191 
vt -0.0528519 0.976076 
vt 0.0528519 0.976076 
vt 0.0528519 2.04319 
vt -0.0528519 0.976076 
vt 0.0528519 0.976076 
vt -0.0528519 2.04319 
vt -0.0528519 -0.643175 
vt 0.0528519 -1.56186 
vt 0.0528519 -0.643175 
vt -0.0528519 -1.56186 

usemtl Cube0081Mtl

f 1895/1895/1895 1896/1896/1896 1897/1897/1897 
f 1898/1898/1898 1897/1897/1897 1896/1896/1896 
f 1899/1899/1899 1900/1900/1900 1901/1901/1901 
f 1900/1900/1900 1899/1899/1899 1902/1902/1902 
f 1903/1903/1903 1904/1904/1904 1905/1905/1905 
f 1903/1903/1903 1905/1905/1905 1906/1906/1906 
f 1907/1907/1907 1908/1908/1908 1909/1909/1909 
f 1908/1908/1908 1907/1907/1907 1910/1910/1910 
f 1911/1911/1911 1912/1912/1912 1913/1913/1913 
f 1914/1914/1914 1913/1913/1913 1912/1912/1912 
f 1915/1915/1915 1916/1916/1916 1917/1917/1917 
f 1918/1918/1918 1917/1917/1917 1916/1916/1916 
f 1916/1916/1916 1915/1915/1915 1919/1919/1919 
f 1920/1920/1920 1919/1919/1919 1915/1915/1915 
f 1919/1919/1919 1920/1920/1920 1921/1921/1921 
f 1922/1922/1922 1921/1921/1921 1920/1920/1920 
f 1921/1921/1921 1922/1922/1922 1923/1923/1923 
f 1924/1924/1924 1923/1923/1923 1922/1922/1922 
f 1925/1925/1925 1926/1926/1926 1927/1927/1927 
f 1926/1926/1926 1925/1925/1925 1928/1928/1928 
f 1929/1929/1929 1930/1930/1930 1931/1931/1931 
f 1930/1930/1930 1929/1929/1929 1932/1932/1932 
f 1933/1933/1933 1934/1934/1934 1935/1935/1935 
f 1936/1936/1936 1935/1935/1935 1934/1934/1934 
f 1937/1937/1937 1938/1938/1938 1939/1939/1939 
f 1938/1938/1938 1937/1937/1937 1940/1940/1940 
f 1941/1941/1941 1942/1942/1942 1943/1943/1943 
f 1944/1944/1944 1943/1943/1943 1942/1942/1942 
f 1945/1945/1945 1946/1946/1946 1947/1947/1947 
f 1946/1946/1946 1945/1945/1945 1948/1948/1948 
f 1949/1949/1949 1950/1950/1950 1951/1951/1951 
f 1950/1950/1950 1952/1952/1952 1951/1951/1951 
f 1953/1953/1953 1954/1954/1954 1955/1955/1955 
f 1954/1954/1954 1953/1953/1953 1956/1956/1956 
f 1957/1957/1957 1958/1958/1958 1959/1959/1959 
f 1958/1958/1958 1957/1957/1957 1960/1960/1960 
f 1961/1961/1961 1962/1962/1962 1963/1963/1963 
f 1963/1963/1963 1962/1962/1962 1964/1964/1964 
f 1965/1965/1965 1966/1966/1966 1967/1967/1967 
f 1966/1966/1966 1968/1968/1968 1967/1967/1967 
f 1969/1969/1969 1970/1970/1970 1971/1971/1971 
f 1970/1970/1970 1969/1969/1969 1972/1972/1972 
f 1973/1973/1973 1974/1974/1974 1975/1975/1975 
f 1974/1974/1974 1973/1973/1973 1976/1976/1976 

